/*
 Navicat Premium Data Transfer

 Source Server         : local
 Source Server Type    : MySQL
 Source Server Version : 80034
 Source Host           : localhost:3306
 Source Schema         : gamehive

 Target Server Type    : MySQL
 Target Server Version : 80034
 File Encoding         : 65001

 Date: 27/05/2025 22:42:24
*/

SET NAMES utf8mb4;
SET FOREIGN_KEY_CHECKS = 0;

-- ----------------------------
-- Table structure for algorithm_type
-- ----------------------------
DROP TABLE IF EXISTS `algorithm_type`;
CREATE TABLE `algorithm_type`  (
  `algorithm_id` int NOT NULL AUTO_INCREMENT COMMENT '算法类型ID',
  `algorithm_name` varchar(50) CHARACTER SET utf8mb4 COLLATE utf8mb4_0900_ai_ci NOT NULL COMMENT '算法名称',
  `algorithm_introduction` varchar(500) CHARACTER SET utf8mb4 COLLATE utf8mb4_0900_ai_ci NULL DEFAULT NULL COMMENT '算法思想简介',
  PRIMARY KEY (`algorithm_id`) USING BTREE
) ENGINE = InnoDB AUTO_INCREMENT = 7 CHARACTER SET = utf8mb4 COLLATE = utf8mb4_0900_ai_ci COMMENT = '算法类型表' ROW_FORMAT = DYNAMIC;

-- ----------------------------
-- Records of algorithm_type
-- ----------------------------
INSERT INTO `algorithm_type` VALUES (1, '极小值极大搜索', NULL);
INSERT INTO `algorithm_type` VALUES (2, '蒙特卡洛树搜索', NULL);
INSERT INTO `algorithm_type` VALUES (4, '深度强化学习', NULL);
INSERT INTO `algorithm_type` VALUES (5, '负极大值搜索', NULL);

-- ----------------------------
-- Table structure for game_type
-- ----------------------------
DROP TABLE IF EXISTS `game_type`;
CREATE TABLE `game_type`  (
  `game_id` int NOT NULL AUTO_INCREMENT,
  `game_name` varchar(200) CHARACTER SET utf8mb4 COLLATE utf8mb4_0900_ai_ci NOT NULL,
  `game_introduction` varchar(500) CHARACTER SET utf8mb4 COLLATE utf8mb4_0900_ai_ci NULL DEFAULT NULL COMMENT '游戏规则简介',
  `game_rule` varchar(5000) CHARACTER SET utf8mb4 COLLATE utf8mb4_0900_ai_ci NULL DEFAULT NULL COMMENT '游戏规则',
  `board_size` int NOT NULL COMMENT '棋盘格数',
  `min_valid_pieces` int NOT NULL DEFAULT 0 COMMENT '最低记录有效步数',
  `is_cell_center` tinyint(1) NOT NULL DEFAULT 1 COMMENT '是否在格子中落子',
  PRIMARY KEY (`game_id`) USING BTREE
) ENGINE = InnoDB AUTO_INCREMENT = 7 CHARACTER SET = utf8mb4 COLLATE = utf8mb4_0900_ai_ci COMMENT = '游戏类型' ROW_FORMAT = DYNAMIC;

-- ----------------------------
-- Records of game_type
-- ----------------------------
INSERT INTO `game_type` VALUES (1, '五子棋', NULL, NULL, 15, 10, 0);
INSERT INTO `game_type` VALUES (2, '8*8五子棋', NULL, NULL, 8, 5, 0);
INSERT INTO `game_type` VALUES (3, '不围棋', NULL, NULL, 7, 5, 1);
INSERT INTO `game_type` VALUES (4, '井字棋', NULL, NULL, 3, 3, 1);
INSERT INTO `game_type` VALUES (5, '反井字棋', NULL, NULL, 3, 3, 1);

-- ----------------------------
-- Table structure for gen_table
-- ----------------------------
DROP TABLE IF EXISTS `gen_table`;
CREATE TABLE `gen_table`  (
  `table_id` bigint NOT NULL AUTO_INCREMENT COMMENT '编号',
  `table_name` varchar(200) CHARACTER SET utf8mb4 COLLATE utf8mb4_0900_ai_ci NULL DEFAULT '' COMMENT '表名称',
  `table_comment` varchar(500) CHARACTER SET utf8mb4 COLLATE utf8mb4_0900_ai_ci NULL DEFAULT '' COMMENT '表描述',
  `sub_table_name` varchar(64) CHARACTER SET utf8mb4 COLLATE utf8mb4_0900_ai_ci NULL DEFAULT NULL COMMENT '关联子表的表名',
  `sub_table_fk_name` varchar(64) CHARACTER SET utf8mb4 COLLATE utf8mb4_0900_ai_ci NULL DEFAULT NULL COMMENT '子表关联的外键名',
  `class_name` varchar(100) CHARACTER SET utf8mb4 COLLATE utf8mb4_0900_ai_ci NULL DEFAULT '' COMMENT '实体类名称',
  `tpl_category` varchar(200) CHARACTER SET utf8mb4 COLLATE utf8mb4_0900_ai_ci NULL DEFAULT 'crud' COMMENT '使用的模板（crud单表操作 tree树表操作）',
  `tpl_web_type` varchar(30) CHARACTER SET utf8mb4 COLLATE utf8mb4_0900_ai_ci NULL DEFAULT '' COMMENT '前端模板类型（element-ui模版 element-plus模版）',
  `package_name` varchar(100) CHARACTER SET utf8mb4 COLLATE utf8mb4_0900_ai_ci NULL DEFAULT NULL COMMENT '生成包路径',
  `module_name` varchar(30) CHARACTER SET utf8mb4 COLLATE utf8mb4_0900_ai_ci NULL DEFAULT NULL COMMENT '生成模块名',
  `business_name` varchar(30) CHARACTER SET utf8mb4 COLLATE utf8mb4_0900_ai_ci NULL DEFAULT NULL COMMENT '生成业务名',
  `function_name` varchar(50) CHARACTER SET utf8mb4 COLLATE utf8mb4_0900_ai_ci NULL DEFAULT NULL COMMENT '生成功能名',
  `function_author` varchar(50) CHARACTER SET utf8mb4 COLLATE utf8mb4_0900_ai_ci NULL DEFAULT NULL COMMENT '生成功能作者',
  `gen_type` char(1) CHARACTER SET utf8mb4 COLLATE utf8mb4_0900_ai_ci NULL DEFAULT '0' COMMENT '生成代码方式（0zip压缩包 1自定义路径）',
  `gen_path` varchar(200) CHARACTER SET utf8mb4 COLLATE utf8mb4_0900_ai_ci NULL DEFAULT '/' COMMENT '生成路径（不填默认项目路径）',
  `options` varchar(1000) CHARACTER SET utf8mb4 COLLATE utf8mb4_0900_ai_ci NULL DEFAULT NULL COMMENT '其它生成选项',
  `create_by` varchar(64) CHARACTER SET utf8mb4 COLLATE utf8mb4_0900_ai_ci NULL DEFAULT '' COMMENT '创建者',
  `create_time` datetime NULL DEFAULT NULL COMMENT '创建时间',
  `update_by` varchar(64) CHARACTER SET utf8mb4 COLLATE utf8mb4_0900_ai_ci NULL DEFAULT '' COMMENT '更新者',
  `update_time` datetime NULL DEFAULT NULL COMMENT '更新时间',
  `remark` varchar(500) CHARACTER SET utf8mb4 COLLATE utf8mb4_0900_ai_ci NULL DEFAULT NULL COMMENT '备注',
  PRIMARY KEY (`table_id`) USING BTREE
) ENGINE = InnoDB AUTO_INCREMENT = 10 CHARACTER SET = utf8mb4 COLLATE = utf8mb4_0900_ai_ci COMMENT = '代码生成业务表' ROW_FORMAT = DYNAMIC;

-- ----------------------------
-- Records of gen_table
-- ----------------------------
INSERT INTO `gen_table` VALUES (6, 'game_type', '游戏类型', NULL, NULL, 'GameType', 'crud', 'element-ui', 'com.gamehive.system', 'GameType', 'GameType', '游戏类型', 'Cassifa', '0', '/', '{\"parentMenuId\":2034}', 'admin', '2025-05-05 01:57:05', '', '2025-05-05 02:46:20', NULL);
INSERT INTO `gen_table` VALUES (7, 'algorithm_type', '算法类型表', NULL, NULL, 'AlgorithmType', 'crud', 'element-ui', 'com.gamehive.system', 'Algorithm', 'Algorithm', '算法类型', 'Cassifa', '0', '/', '{\"parentMenuId\":2034}', 'admin', '2025-05-05 01:57:15', '', '2025-05-05 02:33:10', NULL);
INSERT INTO `gen_table` VALUES (8, 'player', '玩家表', NULL, NULL, 'Player', 'crud', 'element-ui', 'com.gamehive.system', 'Player', 'Player', '玩家', 'Cassifa', '0', '/', '{\"parentMenuId\":0}', 'admin', '2025-05-05 01:57:15', '', '2025-05-05 02:33:22', NULL);
INSERT INTO `gen_table` VALUES (9, 'product', 'Algorithm-Game具体产品', NULL, NULL, 'Product', 'crud', 'element-ui', 'com.gamehive.system', 'Product', 'Product', 'Algorithm-Game具体产品', 'Cassifa', '0', '/', '{\"parentMenuId\":2034}', 'admin', '2025-05-05 01:57:15', '', '2025-05-05 02:33:36', NULL);
INSERT INTO `gen_table` VALUES (10, 'record', '对局记录', NULL, NULL, 'Record', 'crud', 'element-ui', 'com.gamehive.system', 'Record', 'Record', '对局记录', 'Cassifa', '0', '/', '{\"parentMenuId\":0}', 'admin', '2025-05-05 01:57:15', '', '2025-05-05 02:33:49', NULL);

-- ----------------------------
-- Table structure for gen_table_column
-- ----------------------------
DROP TABLE IF EXISTS `gen_table_column`;
CREATE TABLE `gen_table_column`  (
  `column_id` bigint NOT NULL AUTO_INCREMENT COMMENT '编号',
  `table_id` bigint NULL DEFAULT NULL COMMENT '归属表编号',
  `column_name` varchar(200) CHARACTER SET utf8mb4 COLLATE utf8mb4_0900_ai_ci NULL DEFAULT NULL COMMENT '列名称',
  `column_comment` varchar(500) CHARACTER SET utf8mb4 COLLATE utf8mb4_0900_ai_ci NULL DEFAULT NULL COMMENT '列描述',
  `column_type` varchar(100) CHARACTER SET utf8mb4 COLLATE utf8mb4_0900_ai_ci NULL DEFAULT NULL COMMENT '列类型',
  `java_type` varchar(500) CHARACTER SET utf8mb4 COLLATE utf8mb4_0900_ai_ci NULL DEFAULT NULL COMMENT 'JAVA类型',
  `java_field` varchar(200) CHARACTER SET utf8mb4 COLLATE utf8mb4_0900_ai_ci NULL DEFAULT NULL COMMENT 'JAVA字段名',
  `is_pk` char(1) CHARACTER SET utf8mb4 COLLATE utf8mb4_0900_ai_ci NULL DEFAULT NULL COMMENT '是否主键（1是）',
  `is_increment` char(1) CHARACTER SET utf8mb4 COLLATE utf8mb4_0900_ai_ci NULL DEFAULT NULL COMMENT '是否自增（1是）',
  `is_required` char(1) CHARACTER SET utf8mb4 COLLATE utf8mb4_0900_ai_ci NULL DEFAULT NULL COMMENT '是否必填（1是）',
  `is_insert` char(1) CHARACTER SET utf8mb4 COLLATE utf8mb4_0900_ai_ci NULL DEFAULT NULL COMMENT '是否为插入字段（1是）',
  `is_edit` char(1) CHARACTER SET utf8mb4 COLLATE utf8mb4_0900_ai_ci NULL DEFAULT NULL COMMENT '是否编辑字段（1是）',
  `is_list` char(1) CHARACTER SET utf8mb4 COLLATE utf8mb4_0900_ai_ci NULL DEFAULT NULL COMMENT '是否列表字段（1是）',
  `is_query` char(1) CHARACTER SET utf8mb4 COLLATE utf8mb4_0900_ai_ci NULL DEFAULT NULL COMMENT '是否查询字段（1是）',
  `query_type` varchar(200) CHARACTER SET utf8mb4 COLLATE utf8mb4_0900_ai_ci NULL DEFAULT 'EQ' COMMENT '查询方式（等于、不等于、大于、小于、范围）',
  `html_type` varchar(200) CHARACTER SET utf8mb4 COLLATE utf8mb4_0900_ai_ci NULL DEFAULT NULL COMMENT '显示类型（文本框、文本域、下拉框、复选框、单选框、日期控件）',
  `dict_type` varchar(200) CHARACTER SET utf8mb4 COLLATE utf8mb4_0900_ai_ci NULL DEFAULT '' COMMENT '字典类型',
  `sort` int NULL DEFAULT NULL COMMENT '排序',
  `create_by` varchar(64) CHARACTER SET utf8mb4 COLLATE utf8mb4_0900_ai_ci NULL DEFAULT '' COMMENT '创建者',
  `create_time` datetime NULL DEFAULT NULL COMMENT '创建时间',
  `update_by` varchar(64) CHARACTER SET utf8mb4 COLLATE utf8mb4_0900_ai_ci NULL DEFAULT '' COMMENT '更新者',
  `update_time` datetime NULL DEFAULT NULL COMMENT '更新时间',
  PRIMARY KEY (`column_id`) USING BTREE
) ENGINE = InnoDB AUTO_INCREMENT = 68 CHARACTER SET = utf8mb4 COLLATE = utf8mb4_0900_ai_ci COMMENT = '代码生成业务表字段' ROW_FORMAT = DYNAMIC;

-- ----------------------------
-- Records of gen_table_column
-- ----------------------------
INSERT INTO `gen_table_column` VALUES (32, 6, 'game_id', NULL, 'int', 'Long', 'gameId', '1', '1', '0', '0', NULL, NULL, NULL, 'EQ', 'input', '', 1, 'admin', '2025-05-05 01:57:05', '', '2025-05-05 02:46:20');
INSERT INTO `gen_table_column` VALUES (33, 6, 'game_name', NULL, 'varchar(200)', 'String', 'gameName', '0', '0', '1', '1', '1', '1', '1', 'LIKE', 'input', '', 2, 'admin', '2025-05-05 01:57:05', '', '2025-05-05 02:46:20');
INSERT INTO `gen_table_column` VALUES (34, 6, 'game_introduction', '游戏规则简介', 'varchar(500)', 'String', 'gameIntroduction', '0', '0', '0', '1', '1', '1', '1', 'LIKE', 'textarea', '', 3, 'admin', '2025-05-05 01:57:05', '', '2025-05-05 02:46:20');
INSERT INTO `gen_table_column` VALUES (35, 6, 'game_rule', '游戏规则', 'varchar(5000)', 'String', 'gameRule', '0', '0', '0', '1', '1', '0', '0', 'LIKE', 'textarea', '', 4, 'admin', '2025-05-05 01:57:05', '', '2025-05-05 02:46:20');
INSERT INTO `gen_table_column` VALUES (36, 6, 'board_size', '棋盘格数', 'int', 'Long', 'boardSize', '0', '0', '1', '1', '1', '1', '0', 'EQ', 'input', '', 5, 'admin', '2025-05-05 01:57:05', '', '2025-05-05 02:46:20');
INSERT INTO `gen_table_column` VALUES (37, 6, 'min_valid_pieces', '最低记录有效步数', 'int', 'Long', 'minValidPieces', '0', '0', '1', '1', '1', '1', '0', 'EQ', 'input', '', 6, 'admin', '2025-05-05 01:57:05', '', '2025-05-05 02:46:20');
INSERT INTO `gen_table_column` VALUES (38, 6, 'is_cell_center', '是否在格子中落子', 'tinyint(1)', 'Boolean', 'isCellCenter', '0', '0', '1', '1', '1', '1', '1', 'EQ', 'input', '', 7, 'admin', '2025-05-05 01:57:05', '', '2025-05-05 02:46:20');
INSERT INTO `gen_table_column` VALUES (39, 7, 'algorithm_id', '算法类型ID', 'int', 'Long', 'algorithmId', '1', '1', '0', '0', NULL, NULL, NULL, 'EQ', 'input', '', 1, 'admin', '2025-05-05 01:57:15', '', '2025-05-05 02:33:10');
INSERT INTO `gen_table_column` VALUES (40, 7, 'algorithm_name', '算法名称', 'varchar(50)', 'String', 'algorithmName', '0', '0', '1', '1', '1', '1', '1', 'LIKE', 'select', '', 2, 'admin', '2025-05-05 01:57:15', '', '2025-05-05 02:33:10');
INSERT INTO `gen_table_column` VALUES (41, 7, 'algorithm_introduction', '算法思想简介', 'varchar(500)', 'String', 'algorithmIntroduction', '0', '0', '0', '1', '1', '1', '0', 'EQ', 'textarea', '', 3, 'admin', '2025-05-05 01:57:15', '', '2025-05-05 02:33:10');
INSERT INTO `gen_table_column` VALUES (42, 8, 'user_id', '用户id', 'bigint', 'Long', 'userId', '1', '0', '0', '0', NULL, NULL, NULL, 'EQ', 'input', '', 1, 'admin', '2025-05-05 01:57:15', '', '2025-05-05 02:33:22');
INSERT INTO `gen_table_column` VALUES (43, 8, 'user_name', '用户昵称', 'varchar(30)', 'String', 'userName', '0', '0', '0', '0', '0', '1', '1', 'LIKE', 'input', '', 2, 'admin', '2025-05-05 01:57:15', '', '2025-05-05 02:33:22');
INSERT INTO `gen_table_column` VALUES (44, 8, 'raking', '天梯积分', 'int', 'Long', 'raking', '0', '0', '0', '0', '0', '1', '0', 'EQ', 'input', '', 3, 'admin', '2025-05-05 01:57:15', '', '2025-05-05 02:33:22');
INSERT INTO `gen_table_column` VALUES (45, 8, 'record_with_ai', '玩家与AI对战统计信息', 'text', 'String', 'recordWithAi', '0', '0', '0', '0', '0', '0', '0', 'EQ', 'textarea', '', 4, 'admin', '2025-05-05 01:57:15', '', '2025-05-05 02:33:22');
INSERT INTO `gen_table_column` VALUES (46, 8, 'record_with_player', '玩家与其它玩家对局记录', 'text', 'String', 'recordWithPlayer', '0', '0', '0', '0', '0', '0', '0', 'EQ', 'textarea', '', 5, 'admin', '2025-05-05 01:57:15', '', '2025-05-05 02:33:22');
INSERT INTO `gen_table_column` VALUES (47, 9, 'id', NULL, 'int', 'Long', 'id', '1', '1', '0', '0', NULL, NULL, NULL, 'EQ', 'input', '', 1, 'admin', '2025-05-05 01:57:15', '', '2025-05-05 02:33:36');
INSERT INTO `gen_table_column` VALUES (48, 9, 'algorithm_type_id', '算法id', 'int', 'Long', 'algorithmTypeId', '0', '0', '0', '0', '0', '0', '0', 'EQ', 'input', '', 2, 'admin', '2025-05-05 01:57:15', '', '2025-05-05 02:33:36');
INSERT INTO `gen_table_column` VALUES (49, 9, 'algorithm_type_name', '算法名称', 'varchar(50)', 'String', 'algorithmTypeName', '0', '0', '1', '1', '1', '1', '1', 'LIKE', 'select', '', 3, 'admin', '2025-05-05 01:57:15', '', '2025-05-05 02:33:36');
INSERT INTO `gen_table_column` VALUES (50, 9, 'game_type_id', 'Game类型外键', 'int', 'Long', 'gameTypeId', '0', '0', '0', '0', '0', '0', '0', 'EQ', 'input', '', 4, 'admin', '2025-05-05 01:57:15', '', '2025-05-05 02:33:36');
INSERT INTO `gen_table_column` VALUES (51, 9, 'game_type_name', '游戏类型中文名', 'varchar(50)', 'String', 'gameTypeName', '0', '0', '1', '1', '1', '1', '1', 'LIKE', 'select', '', 5, 'admin', '2025-05-05 01:57:15', '', '2025-05-05 02:33:36');
INSERT INTO `gen_table_column` VALUES (52, 9, 'maximum_level', '难度等级', 'int', 'Long', 'maximumLevel', '0', '0', '1', '1', '1', '1', '0', 'EQ', 'input', '', 6, 'admin', '2025-05-05 01:57:15', '', '2025-05-05 02:33:36');
INSERT INTO `gen_table_column` VALUES (53, 9, 'challenged_count', '被玩家挑战次数', 'int', 'Long', 'challengedCount', '0', '0', '0', '0', '0', '1', '0', 'EQ', 'input', '', 7, 'admin', '2025-05-05 01:57:15', '', '2025-05-05 02:33:36');
INSERT INTO `gen_table_column` VALUES (54, 9, 'win_count', '胜利次数', 'int', 'Long', 'winCount', '0', '0', '0', '0', '0', '1', '0', 'EQ', 'input', '', 8, 'admin', '2025-05-05 01:57:15', '', '2025-05-05 02:33:36');
INSERT INTO `gen_table_column` VALUES (55, 10, 'record_id', '对局id', 'int', 'Long', 'recordId', '1', '1', '0', '0', NULL, NULL, NULL, 'EQ', 'input', '', 1, 'admin', '2025-05-05 01:57:15', '', '2025-05-05 02:33:49');
INSERT INTO `gen_table_column` VALUES (56, 10, 'game_type_id', '本局对局对应的game_id', 'int', 'Long', 'gameTypeId', '0', '0', '0', '0', '0', '0', '0', 'EQ', 'input', '', 2, 'admin', '2025-05-05 01:57:15', '', '2025-05-05 02:33:49');
INSERT INTO `gen_table_column` VALUES (57, 10, 'game_type_name', '本局游戏名称', 'varchar(30)', 'String', 'gameTypeName', '0', '0', '0', '0', '0', '1', '1', 'LIKE', 'select', '', 3, 'admin', '2025-05-05 01:57:15', '', '2025-05-05 02:33:49');
INSERT INTO `gen_table_column` VALUES (58, 10, 'record_time', '对局结束时间', 'timestamp', 'Date', 'recordTime', '0', '0', '0', '0', '0', '1', '0', 'EQ', 'datetime', '', 4, 'admin', '2025-05-05 01:57:15', '', '2025-05-05 02:33:49');
INSERT INTO `gen_table_column` VALUES (59, 10, 'is_pk_ai', '是否是与ai对局', 'tinyint(1)', 'Boolean', 'isPkAi', '0', '0', '0', '0', '0', '1', '1', 'EQ', 'radio', '', 5, 'admin', '2025-05-05 01:57:15', '', '2025-05-05 02:33:49');
INSERT INTO `gen_table_column` VALUES (60, 10, 'algorithm_id', '对战的算法编号,如果为匹配对战则为-1', 'int', 'Long', 'algorithmId', '0', '0', '0', '0', '0', '0', '0', 'EQ', 'input', '', 6, 'admin', '2025-05-05 01:57:15', '', '2025-05-05 02:33:49');
INSERT INTO `gen_table_column` VALUES (61, 10, 'algorithm_name', '算法名称', 'varchar(50)', 'String', 'algorithmName', '0', '0', '0', '0', '0', '1', '1', 'LIKE', 'select', '', 7, 'admin', '2025-05-05 01:57:15', '', '2025-05-05 02:33:49');
INSERT INTO `gen_table_column` VALUES (62, 10, 'winner', '赢家（0-先手 1-后手 2-平局）', 'int', 'Long', 'winner', '0', '0', '0', '0', '0', '1', '1', 'EQ', 'select', 'win_status', 8, 'admin', '2025-05-05 01:57:15', '', '2025-05-05 02:33:49');
INSERT INTO `gen_table_column` VALUES (63, 10, 'first_player_id', '先手id', 'int', 'Long', 'firstPlayerId', '0', '0', '0', '0', '0', '0', '0', 'EQ', 'input', '', 9, 'admin', '2025-05-05 01:57:15', '', '2025-05-05 02:33:49');
INSERT INTO `gen_table_column` VALUES (64, 10, 'first_player', '先手玩家', 'varchar(30)', 'String', 'firstPlayer', '0', '0', '0', '0', '0', '1', '1', 'EQ', 'input', '', 10, 'admin', '2025-05-05 01:57:15', '', '2025-05-05 02:33:49');
INSERT INTO `gen_table_column` VALUES (65, 10, 'second_player_id', '后手', 'int', 'Long', 'secondPlayerId', '0', '0', '0', '0', '0', '0', '0', 'EQ', 'input', '', 11, 'admin', '2025-05-05 01:57:15', '', '2025-05-05 02:33:49');
INSERT INTO `gen_table_column` VALUES (66, 10, 'second_player_name', '后手玩家', 'varchar(30)', 'String', 'secondPlayerName', '0', '0', '0', '0', '0', '1', '1', 'LIKE', 'input', '', 12, 'admin', '2025-05-05 01:57:15', '', '2025-05-05 02:33:49');
INSERT INTO `gen_table_column` VALUES (67, 10, 'first_player_pieces', '先手玩家操作序列，json格式', 'varchar(500)', 'String', 'firstPlayerPieces', '0', '0', '0', '0', '0', '0', '0', 'EQ', 'textarea', '', 13, 'admin', '2025-05-05 01:57:15', '', '2025-05-05 02:33:49');
INSERT INTO `gen_table_column` VALUES (68, 10, 'player_b_pieces', '后手玩家操作序列，json格式', 'varchar(500)', 'String', 'playerBPieces', '0', '0', '0', '0', '0', '0', '0', 'EQ', 'textarea', '', 14, 'admin', '2025-05-05 01:57:15', '', '2025-05-05 02:33:49');

-- ----------------------------
-- Table structure for player
-- ----------------------------
DROP TABLE IF EXISTS `player`;
CREATE TABLE `player`  (
  `user_id` bigint NOT NULL COMMENT '用户id',
  `user_name` varchar(30) CHARACTER SET utf8mb4 COLLATE utf8mb4_0900_ai_ci NULL DEFAULT NULL COMMENT '用户昵称',
  `raking` int NOT NULL DEFAULT 1400 COMMENT '天梯积分',
  `record_with_ai` text CHARACTER SET utf8mb4 COLLATE utf8mb4_0900_ai_ci NULL COMMENT '玩家与AI对战统计信息',
  `record_with_player` text CHARACTER SET utf8mb4 COLLATE utf8mb4_0900_ai_ci NULL COMMENT '玩家与其它玩家对局记录',
  PRIMARY KEY (`user_id`) USING BTREE
) ENGINE = InnoDB CHARACTER SET = utf8mb4 COLLATE = utf8mb4_0900_ai_ci COMMENT = '玩家表' ROW_FORMAT = DYNAMIC;

-- ----------------------------
-- Records of player
-- ----------------------------
INSERT INTO `player` VALUES (102, 'aaaa', 1400, NULL, NULL);
INSERT INTO `player` VALUES (103, 'bb', 1389, NULL, NULL);

-- ----------------------------
-- Table structure for product
-- ----------------------------
DROP TABLE IF EXISTS `product`;
CREATE TABLE `product`  (
  `id` int NOT NULL AUTO_INCREMENT,
  `algorithm_type_id` int NOT NULL COMMENT '算法id',
  `algorithm_type_name` varchar(50) CHARACTER SET utf8mb4 COLLATE utf8mb4_0900_ai_ci NOT NULL COMMENT '算法名称',
  `game_type_id` int NOT NULL COMMENT 'Game类型外键',
  `game_type_name` varchar(50) CHARACTER SET utf8mb4 COLLATE utf8mb4_0900_ai_ci NOT NULL COMMENT '游戏类型中文名',
  `maximum_level` int NOT NULL DEFAULT 1 COMMENT '难度等级',
  `challenged_count` int NOT NULL DEFAULT 0 COMMENT '被玩家挑战次数',
  `win_count` int NOT NULL DEFAULT 0 COMMENT '胜利次数',
  PRIMARY KEY (`id`) USING BTREE
) ENGINE = InnoDB AUTO_INCREMENT = 25 CHARACTER SET = utf8mb4 COLLATE = utf8mb4_0900_ai_ci COMMENT = 'Algorithm-Game具体产品' ROW_FORMAT = DYNAMIC;

-- ----------------------------
-- Records of product
-- ----------------------------
INSERT INTO `product` VALUES (14, 1, '极小值极大搜索', 4, '井字棋', 1, 0, 0);
INSERT INTO `product` VALUES (15, 1, '极小值极大搜索', 4, '井字棋', 1, 0, 0);
INSERT INTO `product` VALUES (16, 1, '极小值极大搜索', 1, '五子棋', 4, 0, 0);
INSERT INTO `product` VALUES (17, 1, '极小值极大搜索', 2, '8*8五子棋', 4, 0, 0);
INSERT INTO `product` VALUES (18, 2, '蒙特卡洛树搜索', 4, '井字棋', 2, 0, 0);
INSERT INTO `product` VALUES (19, 2, '蒙特卡洛树搜索', 5, '反井字棋', 2, 0, 0);
INSERT INTO `product` VALUES (20, 2, '蒙特卡洛树搜索', 3, '不围棋', 4, 0, 0);
INSERT INTO `product` VALUES (21, 4, '深度强化学习', 2, '8*8五子棋', 3, 0, 0);
INSERT INTO `product` VALUES (22, 5, '负极大值搜索', 4, '井字棋', 1, 0, 0);
INSERT INTO `product` VALUES (23, 5, '负极大值搜索', 5, '反井字棋', 1, 0, 0);

-- ----------------------------
-- Table structure for qrtz_blob_triggers
-- ----------------------------
DROP TABLE IF EXISTS `qrtz_blob_triggers`;
CREATE TABLE `qrtz_blob_triggers`  (
  `sched_name` varchar(120) CHARACTER SET utf8mb4 COLLATE utf8mb4_0900_ai_ci NOT NULL COMMENT '调度名称',
  `trigger_name` varchar(200) CHARACTER SET utf8mb4 COLLATE utf8mb4_0900_ai_ci NOT NULL COMMENT 'qrtz_triggers表trigger_name的外键',
  `trigger_group` varchar(200) CHARACTER SET utf8mb4 COLLATE utf8mb4_0900_ai_ci NOT NULL COMMENT 'qrtz_triggers表trigger_group的外键',
  `blob_data` blob NULL COMMENT '存放持久化Trigger对象',
  PRIMARY KEY (`sched_name`, `trigger_name`, `trigger_group`) USING BTREE,
  CONSTRAINT `qrtz_blob_triggers_ibfk_1` FOREIGN KEY (`sched_name`, `trigger_name`, `trigger_group`) REFERENCES `qrtz_triggers` (`sched_name`, `trigger_name`, `trigger_group`) ON DELETE RESTRICT ON UPDATE RESTRICT
) ENGINE = InnoDB CHARACTER SET = utf8mb4 COLLATE = utf8mb4_0900_ai_ci COMMENT = 'Blob类型的触发器表' ROW_FORMAT = DYNAMIC;

-- ----------------------------
-- Records of qrtz_blob_triggers
-- ----------------------------

-- ----------------------------
-- Table structure for qrtz_calendars
-- ----------------------------
DROP TABLE IF EXISTS `qrtz_calendars`;
CREATE TABLE `qrtz_calendars`  (
  `sched_name` varchar(120) CHARACTER SET utf8mb4 COLLATE utf8mb4_0900_ai_ci NOT NULL COMMENT '调度名称',
  `calendar_name` varchar(200) CHARACTER SET utf8mb4 COLLATE utf8mb4_0900_ai_ci NOT NULL COMMENT '日历名称',
  `calendar` blob NOT NULL COMMENT '存放持久化calendar对象',
  PRIMARY KEY (`sched_name`, `calendar_name`) USING BTREE
) ENGINE = InnoDB CHARACTER SET = utf8mb4 COLLATE = utf8mb4_0900_ai_ci COMMENT = '日历信息表' ROW_FORMAT = DYNAMIC;

-- ----------------------------
-- Records of qrtz_calendars
-- ----------------------------

-- ----------------------------
-- Table structure for qrtz_cron_triggers
-- ----------------------------
DROP TABLE IF EXISTS `qrtz_cron_triggers`;
CREATE TABLE `qrtz_cron_triggers`  (
  `sched_name` varchar(120) CHARACTER SET utf8mb4 COLLATE utf8mb4_0900_ai_ci NOT NULL COMMENT '调度名称',
  `trigger_name` varchar(200) CHARACTER SET utf8mb4 COLLATE utf8mb4_0900_ai_ci NOT NULL COMMENT 'qrtz_triggers表trigger_name的外键',
  `trigger_group` varchar(200) CHARACTER SET utf8mb4 COLLATE utf8mb4_0900_ai_ci NOT NULL COMMENT 'qrtz_triggers表trigger_group的外键',
  `cron_expression` varchar(200) CHARACTER SET utf8mb4 COLLATE utf8mb4_0900_ai_ci NOT NULL COMMENT 'cron表达式',
  `time_zone_id` varchar(80) CHARACTER SET utf8mb4 COLLATE utf8mb4_0900_ai_ci NULL DEFAULT NULL COMMENT '时区',
  PRIMARY KEY (`sched_name`, `trigger_name`, `trigger_group`) USING BTREE,
  CONSTRAINT `qrtz_cron_triggers_ibfk_1` FOREIGN KEY (`sched_name`, `trigger_name`, `trigger_group`) REFERENCES `qrtz_triggers` (`sched_name`, `trigger_name`, `trigger_group`) ON DELETE RESTRICT ON UPDATE RESTRICT
) ENGINE = InnoDB CHARACTER SET = utf8mb4 COLLATE = utf8mb4_0900_ai_ci COMMENT = 'Cron类型的触发器表' ROW_FORMAT = DYNAMIC;

-- ----------------------------
-- Records of qrtz_cron_triggers
-- ----------------------------

-- ----------------------------
-- Table structure for qrtz_fired_triggers
-- ----------------------------
DROP TABLE IF EXISTS `qrtz_fired_triggers`;
CREATE TABLE `qrtz_fired_triggers`  (
  `sched_name` varchar(120) CHARACTER SET utf8mb4 COLLATE utf8mb4_0900_ai_ci NOT NULL COMMENT '调度名称',
  `entry_id` varchar(95) CHARACTER SET utf8mb4 COLLATE utf8mb4_0900_ai_ci NOT NULL COMMENT '调度器实例id',
  `trigger_name` varchar(200) CHARACTER SET utf8mb4 COLLATE utf8mb4_0900_ai_ci NOT NULL COMMENT 'qrtz_triggers表trigger_name的外键',
  `trigger_group` varchar(200) CHARACTER SET utf8mb4 COLLATE utf8mb4_0900_ai_ci NOT NULL COMMENT 'qrtz_triggers表trigger_group的外键',
  `instance_name` varchar(200) CHARACTER SET utf8mb4 COLLATE utf8mb4_0900_ai_ci NOT NULL COMMENT '调度器实例名',
  `fired_time` bigint NOT NULL COMMENT '触发的时间',
  `sched_time` bigint NOT NULL COMMENT '定时器制定的时间',
  `priority` int NOT NULL COMMENT '优先级',
  `state` varchar(16) CHARACTER SET utf8mb4 COLLATE utf8mb4_0900_ai_ci NOT NULL COMMENT '状态',
  `job_name` varchar(200) CHARACTER SET utf8mb4 COLLATE utf8mb4_0900_ai_ci NULL DEFAULT NULL COMMENT '任务名称',
  `job_group` varchar(200) CHARACTER SET utf8mb4 COLLATE utf8mb4_0900_ai_ci NULL DEFAULT NULL COMMENT '任务组名',
  `is_nonconcurrent` varchar(1) CHARACTER SET utf8mb4 COLLATE utf8mb4_0900_ai_ci NULL DEFAULT NULL COMMENT '是否并发',
  `requests_recovery` varchar(1) CHARACTER SET utf8mb4 COLLATE utf8mb4_0900_ai_ci NULL DEFAULT NULL COMMENT '是否接受恢复执行',
  PRIMARY KEY (`sched_name`, `entry_id`) USING BTREE
) ENGINE = InnoDB CHARACTER SET = utf8mb4 COLLATE = utf8mb4_0900_ai_ci COMMENT = '已触发的触发器表' ROW_FORMAT = DYNAMIC;

-- ----------------------------
-- Records of qrtz_fired_triggers
-- ----------------------------

-- ----------------------------
-- Table structure for qrtz_job_details
-- ----------------------------
DROP TABLE IF EXISTS `qrtz_job_details`;
CREATE TABLE `qrtz_job_details`  (
  `sched_name` varchar(120) CHARACTER SET utf8mb4 COLLATE utf8mb4_0900_ai_ci NOT NULL COMMENT '调度名称',
  `job_name` varchar(200) CHARACTER SET utf8mb4 COLLATE utf8mb4_0900_ai_ci NOT NULL COMMENT '任务名称',
  `job_group` varchar(200) CHARACTER SET utf8mb4 COLLATE utf8mb4_0900_ai_ci NOT NULL COMMENT '任务组名',
  `description` varchar(250) CHARACTER SET utf8mb4 COLLATE utf8mb4_0900_ai_ci NULL DEFAULT NULL COMMENT '相关介绍',
  `job_class_name` varchar(250) CHARACTER SET utf8mb4 COLLATE utf8mb4_0900_ai_ci NOT NULL COMMENT '执行任务类名称',
  `is_durable` varchar(1) CHARACTER SET utf8mb4 COLLATE utf8mb4_0900_ai_ci NOT NULL COMMENT '是否持久化',
  `is_nonconcurrent` varchar(1) CHARACTER SET utf8mb4 COLLATE utf8mb4_0900_ai_ci NOT NULL COMMENT '是否并发',
  `is_update_data` varchar(1) CHARACTER SET utf8mb4 COLLATE utf8mb4_0900_ai_ci NOT NULL COMMENT '是否更新数据',
  `requests_recovery` varchar(1) CHARACTER SET utf8mb4 COLLATE utf8mb4_0900_ai_ci NOT NULL COMMENT '是否接受恢复执行',
  `job_data` blob NULL COMMENT '存放持久化job对象',
  PRIMARY KEY (`sched_name`, `job_name`, `job_group`) USING BTREE
) ENGINE = InnoDB CHARACTER SET = utf8mb4 COLLATE = utf8mb4_0900_ai_ci COMMENT = '任务详细信息表' ROW_FORMAT = DYNAMIC;

-- ----------------------------
-- Records of qrtz_job_details
-- ----------------------------

-- ----------------------------
-- Table structure for qrtz_locks
-- ----------------------------
DROP TABLE IF EXISTS `qrtz_locks`;
CREATE TABLE `qrtz_locks`  (
  `sched_name` varchar(120) CHARACTER SET utf8mb4 COLLATE utf8mb4_0900_ai_ci NOT NULL COMMENT '调度名称',
  `lock_name` varchar(40) CHARACTER SET utf8mb4 COLLATE utf8mb4_0900_ai_ci NOT NULL COMMENT '悲观锁名称',
  PRIMARY KEY (`sched_name`, `lock_name`) USING BTREE
) ENGINE = InnoDB CHARACTER SET = utf8mb4 COLLATE = utf8mb4_0900_ai_ci COMMENT = '存储的悲观锁信息表' ROW_FORMAT = DYNAMIC;

-- ----------------------------
-- Records of qrtz_locks
-- ----------------------------

-- ----------------------------
-- Table structure for qrtz_paused_trigger_grps
-- ----------------------------
DROP TABLE IF EXISTS `qrtz_paused_trigger_grps`;
CREATE TABLE `qrtz_paused_trigger_grps`  (
  `sched_name` varchar(120) CHARACTER SET utf8mb4 COLLATE utf8mb4_0900_ai_ci NOT NULL COMMENT '调度名称',
  `trigger_group` varchar(200) CHARACTER SET utf8mb4 COLLATE utf8mb4_0900_ai_ci NOT NULL COMMENT 'qrtz_triggers表trigger_group的外键',
  PRIMARY KEY (`sched_name`, `trigger_group`) USING BTREE
) ENGINE = InnoDB CHARACTER SET = utf8mb4 COLLATE = utf8mb4_0900_ai_ci COMMENT = '暂停的触发器表' ROW_FORMAT = DYNAMIC;

-- ----------------------------
-- Records of qrtz_paused_trigger_grps
-- ----------------------------

-- ----------------------------
-- Table structure for qrtz_scheduler_state
-- ----------------------------
DROP TABLE IF EXISTS `qrtz_scheduler_state`;
CREATE TABLE `qrtz_scheduler_state`  (
  `sched_name` varchar(120) CHARACTER SET utf8mb4 COLLATE utf8mb4_0900_ai_ci NOT NULL COMMENT '调度名称',
  `instance_name` varchar(200) CHARACTER SET utf8mb4 COLLATE utf8mb4_0900_ai_ci NOT NULL COMMENT '实例名称',
  `last_checkin_time` bigint NOT NULL COMMENT '上次检查时间',
  `checkin_interval` bigint NOT NULL COMMENT '检查间隔时间',
  PRIMARY KEY (`sched_name`, `instance_name`) USING BTREE
) ENGINE = InnoDB CHARACTER SET = utf8mb4 COLLATE = utf8mb4_0900_ai_ci COMMENT = '调度器状态表' ROW_FORMAT = DYNAMIC;

-- ----------------------------
-- Records of qrtz_scheduler_state
-- ----------------------------

-- ----------------------------
-- Table structure for qrtz_simple_triggers
-- ----------------------------
DROP TABLE IF EXISTS `qrtz_simple_triggers`;
CREATE TABLE `qrtz_simple_triggers`  (
  `sched_name` varchar(120) CHARACTER SET utf8mb4 COLLATE utf8mb4_0900_ai_ci NOT NULL COMMENT '调度名称',
  `trigger_name` varchar(200) CHARACTER SET utf8mb4 COLLATE utf8mb4_0900_ai_ci NOT NULL COMMENT 'qrtz_triggers表trigger_name的外键',
  `trigger_group` varchar(200) CHARACTER SET utf8mb4 COLLATE utf8mb4_0900_ai_ci NOT NULL COMMENT 'qrtz_triggers表trigger_group的外键',
  `repeat_count` bigint NOT NULL COMMENT '重复的次数统计',
  `repeat_interval` bigint NOT NULL COMMENT '重复的间隔时间',
  `times_triggered` bigint NOT NULL COMMENT '已经触发的次数',
  PRIMARY KEY (`sched_name`, `trigger_name`, `trigger_group`) USING BTREE,
  CONSTRAINT `qrtz_simple_triggers_ibfk_1` FOREIGN KEY (`sched_name`, `trigger_name`, `trigger_group`) REFERENCES `qrtz_triggers` (`sched_name`, `trigger_name`, `trigger_group`) ON DELETE RESTRICT ON UPDATE RESTRICT
) ENGINE = InnoDB CHARACTER SET = utf8mb4 COLLATE = utf8mb4_0900_ai_ci COMMENT = '简单触发器的信息表' ROW_FORMAT = DYNAMIC;

-- ----------------------------
-- Records of qrtz_simple_triggers
-- ----------------------------

-- ----------------------------
-- Table structure for qrtz_simprop_triggers
-- ----------------------------
DROP TABLE IF EXISTS `qrtz_simprop_triggers`;
CREATE TABLE `qrtz_simprop_triggers`  (
  `sched_name` varchar(120) CHARACTER SET utf8mb4 COLLATE utf8mb4_0900_ai_ci NOT NULL COMMENT '调度名称',
  `trigger_name` varchar(200) CHARACTER SET utf8mb4 COLLATE utf8mb4_0900_ai_ci NOT NULL COMMENT 'qrtz_triggers表trigger_name的外键',
  `trigger_group` varchar(200) CHARACTER SET utf8mb4 COLLATE utf8mb4_0900_ai_ci NOT NULL COMMENT 'qrtz_triggers表trigger_group的外键',
  `str_prop_1` varchar(512) CHARACTER SET utf8mb4 COLLATE utf8mb4_0900_ai_ci NULL DEFAULT NULL COMMENT 'String类型的trigger的第一个参数',
  `str_prop_2` varchar(512) CHARACTER SET utf8mb4 COLLATE utf8mb4_0900_ai_ci NULL DEFAULT NULL COMMENT 'String类型的trigger的第二个参数',
  `str_prop_3` varchar(512) CHARACTER SET utf8mb4 COLLATE utf8mb4_0900_ai_ci NULL DEFAULT NULL COMMENT 'String类型的trigger的第三个参数',
  `int_prop_1` int NULL DEFAULT NULL COMMENT 'int类型的trigger的第一个参数',
  `int_prop_2` int NULL DEFAULT NULL COMMENT 'int类型的trigger的第二个参数',
  `long_prop_1` bigint NULL DEFAULT NULL COMMENT 'long类型的trigger的第一个参数',
  `long_prop_2` bigint NULL DEFAULT NULL COMMENT 'long类型的trigger的第二个参数',
  `dec_prop_1` decimal(13, 4) NULL DEFAULT NULL COMMENT 'decimal类型的trigger的第一个参数',
  `dec_prop_2` decimal(13, 4) NULL DEFAULT NULL COMMENT 'decimal类型的trigger的第二个参数',
  `bool_prop_1` varchar(1) CHARACTER SET utf8mb4 COLLATE utf8mb4_0900_ai_ci NULL DEFAULT NULL COMMENT 'Boolean类型的trigger的第一个参数',
  `bool_prop_2` varchar(1) CHARACTER SET utf8mb4 COLLATE utf8mb4_0900_ai_ci NULL DEFAULT NULL COMMENT 'Boolean类型的trigger的第二个参数',
  PRIMARY KEY (`sched_name`, `trigger_name`, `trigger_group`) USING BTREE,
  CONSTRAINT `qrtz_simprop_triggers_ibfk_1` FOREIGN KEY (`sched_name`, `trigger_name`, `trigger_group`) REFERENCES `qrtz_triggers` (`sched_name`, `trigger_name`, `trigger_group`) ON DELETE RESTRICT ON UPDATE RESTRICT
) ENGINE = InnoDB CHARACTER SET = utf8mb4 COLLATE = utf8mb4_0900_ai_ci COMMENT = '同步机制的行锁表' ROW_FORMAT = DYNAMIC;

-- ----------------------------
-- Records of qrtz_simprop_triggers
-- ----------------------------

-- ----------------------------
-- Table structure for qrtz_triggers
-- ----------------------------
DROP TABLE IF EXISTS `qrtz_triggers`;
CREATE TABLE `qrtz_triggers`  (
  `sched_name` varchar(120) CHARACTER SET utf8mb4 COLLATE utf8mb4_0900_ai_ci NOT NULL COMMENT '调度名称',
  `trigger_name` varchar(200) CHARACTER SET utf8mb4 COLLATE utf8mb4_0900_ai_ci NOT NULL COMMENT '触发器的名字',
  `trigger_group` varchar(200) CHARACTER SET utf8mb4 COLLATE utf8mb4_0900_ai_ci NOT NULL COMMENT '触发器所属组的名字',
  `job_name` varchar(200) CHARACTER SET utf8mb4 COLLATE utf8mb4_0900_ai_ci NOT NULL COMMENT 'qrtz_job_details表job_name的外键',
  `job_group` varchar(200) CHARACTER SET utf8mb4 COLLATE utf8mb4_0900_ai_ci NOT NULL COMMENT 'qrtz_job_details表job_group的外键',
  `description` varchar(250) CHARACTER SET utf8mb4 COLLATE utf8mb4_0900_ai_ci NULL DEFAULT NULL COMMENT '相关介绍',
  `next_fire_time` bigint NULL DEFAULT NULL COMMENT '上一次触发时间（毫秒）',
  `prev_fire_time` bigint NULL DEFAULT NULL COMMENT '下一次触发时间（默认为-1表示不触发）',
  `priority` int NULL DEFAULT NULL COMMENT '优先级',
  `trigger_state` varchar(16) CHARACTER SET utf8mb4 COLLATE utf8mb4_0900_ai_ci NOT NULL COMMENT '触发器状态',
  `trigger_type` varchar(8) CHARACTER SET utf8mb4 COLLATE utf8mb4_0900_ai_ci NOT NULL COMMENT '触发器的类型',
  `start_time` bigint NOT NULL COMMENT '开始时间',
  `end_time` bigint NULL DEFAULT NULL COMMENT '结束时间',
  `calendar_name` varchar(200) CHARACTER SET utf8mb4 COLLATE utf8mb4_0900_ai_ci NULL DEFAULT NULL COMMENT '日程表名称',
  `misfire_instr` smallint NULL DEFAULT NULL COMMENT '补偿执行的策略',
  `job_data` blob NULL COMMENT '存放持久化job对象',
  PRIMARY KEY (`sched_name`, `trigger_name`, `trigger_group`) USING BTREE,
  INDEX `sched_name`(`sched_name` ASC, `job_name` ASC, `job_group` ASC) USING BTREE,
  CONSTRAINT `qrtz_triggers_ibfk_1` FOREIGN KEY (`sched_name`, `job_name`, `job_group`) REFERENCES `qrtz_job_details` (`sched_name`, `job_name`, `job_group`) ON DELETE RESTRICT ON UPDATE RESTRICT
) ENGINE = InnoDB CHARACTER SET = utf8mb4 COLLATE = utf8mb4_0900_ai_ci COMMENT = '触发器详细信息表' ROW_FORMAT = DYNAMIC;

-- ----------------------------
-- Records of qrtz_triggers
-- ----------------------------

-- ----------------------------
-- Table structure for record
-- ----------------------------
DROP TABLE IF EXISTS `record`;
CREATE TABLE `record`  (
  `record_id` int NOT NULL AUTO_INCREMENT COMMENT '对局id',
  `game_type_id` int NOT NULL COMMENT '本局对局对应的game_id',
  `game_type_name` varchar(30) CHARACTER SET utf8mb4 COLLATE utf8mb4_0900_ai_ci NOT NULL COMMENT '本局游戏名称',
  `record_time` timestamp NOT NULL DEFAULT CURRENT_TIMESTAMP COMMENT '对局结束时间',
  `game_mode` int NOT NULL COMMENT '游戏模式（0-本地对战 1-与大模型对战 2-联机对战）',
  `algorithm_id` int NOT NULL DEFAULT -1 COMMENT '对战的算法编号,如果为匹配对战则为-1',
  `algorithm_name` varchar(50) CHARACTER SET utf8mb4 COLLATE utf8mb4_0900_ai_ci NOT NULL DEFAULT ' ' COMMENT '算法名称',
  `winner` int NOT NULL COMMENT '赢家（0-先手 1-后手 2-平局）',
  `first_player_id` int NOT NULL COMMENT '先手id',
  `first_player_name` varchar(30) CHARACTER SET utf8mb4 COLLATE utf8mb4_0900_ai_ci NULL DEFAULT NULL COMMENT '先手玩家名称',
  `second_player_id` int NOT NULL DEFAULT -1 COMMENT '后手',
  `second_player_name` varchar(30) CHARACTER SET utf8mb4 COLLATE utf8mb4_0900_ai_ci NULL DEFAULT NULL COMMENT '后手名称',
  `first_player_pieces` varchar(500) CHARACTER SET utf8mb4 COLLATE utf8mb4_0900_ai_ci NOT NULL COMMENT '先手玩家操作序列，json格式',
  `second_player_pieces` varchar(500) CHARACTER SET utf8mb4 COLLATE utf8mb4_0900_ai_ci NOT NULL COMMENT '后手玩家操作序列，json格式',
  PRIMARY KEY (`record_id`) USING BTREE
) ENGINE = InnoDB AUTO_INCREMENT = 45 CHARACTER SET = utf8mb4 COLLATE = utf8mb4_0900_ai_ci COMMENT = '对局记录' ROW_FORMAT = DYNAMIC;

-- ----------------------------
-- Records of record
-- ----------------------------
INSERT INTO `record` VALUES (1, 4, '井字棋', '2025-05-05 14:49:29', 1, 1, '极小值极大搜索', 2, 0, '游客', -1, 'AI', '[{\"x\":1,\"y\":1},{\"x\":2,\"y\":0},{\"x\":0,\"y\":1},{\"x\":1,\"y\":2},{\"x\":2,\"y\":2}]', '[{\"x\":0,\"y\":2},{\"x\":0,\"y\":0},{\"x\":2,\"y\":1},{\"x\":1,\"y\":0}]');
INSERT INTO `record` VALUES (2, 5, '反井字棋', '2025-05-05 14:51:47', 1, 1, '极小值极大搜索', 2, -1, 'AI', 103, 'bb', '[{\"x\":1,\"y\":1},{\"x\":0,\"y\":2},{\"x\":2,\"y\":1},{\"x\":1,\"y\":0},{\"x\":2,\"y\":2}]', '[{\"x\":2,\"y\":0},{\"x\":0,\"y\":1},{\"x\":1,\"y\":2},{\"x\":0,\"y\":0}]');
INSERT INTO `record` VALUES (3, 3, '不围棋', '2025-05-05 14:53:21', 1, 2, '蒙特卡洛树搜索', 3, -1, 'AI', 103, 'bb', '[{\"x\":2,\"y\":1},{\"x\":6,\"y\":4}]', '[{\"x\":4,\"y\":3},{\"x\":5,\"y\":2}]');
INSERT INTO `record` VALUES (4, 3, '不围棋', '2025-05-05 15:46:32', 1, 2, '蒙特卡洛树搜索', 3, 103, 'bb', -1, 'AI', '[{\"x\":6,\"y\":6},{\"x\":5,\"y\":5},{\"x\":6,\"y\":4},{\"x\":5,\"y\":3},{\"x\":6,\"y\":2},{\"x\":4,\"y\":4}]', '[{\"x\":3,\"y\":5},{\"x\":5,\"y\":1},{\"x\":5,\"y\":6},{\"x\":2,\"y\":2},{\"x\":3,\"y\":1}]');
INSERT INTO `record` VALUES (5, 3, '不围棋', '2025-05-06 22:40:39', 1, 2, '蒙特卡洛树搜索', 3, -1, 'AI', 0, '游客', '[{\"x\":4,\"y\":5},{\"x\":2,\"y\":5},{\"x\":6,\"y\":1},{\"x\":4,\"y\":6},{\"x\":5,\"y\":0},{\"x\":5,\"y\":4},{\"x\":2,\"y\":3},{\"x\":3,\"y\":1},{\"x\":4,\"y\":2},{\"x\":0,\"y\":1},{\"x\":2,\"y\":2}]', '[{\"x\":6,\"y\":6},{\"x\":5,\"y\":5},{\"x\":6,\"y\":4},{\"x\":5,\"y\":3},{\"x\":6,\"y\":2},{\"x\":0,\"y\":0},{\"x\":0,\"y\":6},{\"x\":1,\"y\":5},{\"x\":0,\"y\":4},{\"x\":1,\"y\":3},{\"x\":0,\"y\":2}]');
INSERT INTO `record` VALUES (65, 4, '井字棋', '2025-05-27 20:17:36', 0, 1, '极小值极大搜索', 1, 103, 'bb', -1, 'AI', '[{\"x\":2,\"y\":2},{\"x\":1,\"y\":2},{\"x\":2,\"y\":0},{\"x\":0,\"y\":0}]', '[{\"x\":1,\"y\":1},{\"x\":0,\"y\":2},{\"x\":2,\"y\":1},{\"x\":0,\"y\":1}]');
INSERT INTO `record` VALUES (66, 4, '井字棋', '2025-05-27 20:21:27', 1, -2, 'LMM', 1, 103, 'bb', -2, '大模型', '[{\"x\":2,\"y\":0},{\"x\":1,\"y\":2},{\"x\":0,\"y\":2},{\"x\":2,\"y\":1}]', '[{\"x\":0,\"y\":1},{\"x\":2,\"y\":2},{\"x\":1,\"y\":0},{\"x\":0,\"y\":0},{\"x\":1,\"y\":1}]');
INSERT INTO `record` VALUES (67, 4, '井字棋', '2025-05-27 20:23:26', 0, 1, '极小值极大搜索', 1, 103, 'bb', -1, 'AI', '[{\"x\":2,\"y\":2},{\"x\":1,\"y\":2},{\"x\":0,\"y\":0},{\"x\":1,\"y\":0}]', '[{\"x\":1,\"y\":1},{\"x\":0,\"y\":2},{\"x\":0,\"y\":1},{\"x\":2,\"y\":0}]');
INSERT INTO `record` VALUES (68, 4, '井字棋', '2025-05-27 20:25:34', 0, 1, '极小值极大搜索', 3, 103, 'bb', -1, 'AI', '[{\"x\":1,\"y\":2},{\"x\":2,\"y\":2},{\"x\":2,\"y\":1}]', '[{\"x\":0,\"y\":2},{\"x\":0,\"y\":0},{\"x\":2,\"y\":0}]');
INSERT INTO `record` VALUES (69, 4, '井字棋', '2025-05-27 20:25:51', 1, -2, 'LMM', 1, 103, 'bb', -2, '大模型', '[{\"x\":1,\"y\":0},{\"x\":2,\"y\":2},{\"x\":1,\"y\":2},{\"x\":0,\"y\":1}]', '[{\"x\":2,\"y\":0},{\"x\":2,\"y\":1},{\"x\":0,\"y\":2},{\"x\":0,\"y\":0},{\"x\":1,\"y\":1}]');
INSERT INTO `record` VALUES (70, 2, '8*8五子棋', '2025-05-27 22:19:46', 1, -2, 'LMM', 0, 103, 'bb', -2, '大模型', '[{\"x\":3,\"y\":5},{\"x\":3,\"y\":4},{\"x\":4,\"y\":4},{\"x\":3,\"y\":3},{\"x\":3,\"y\":2},{\"x\":3,\"y\":6}]', '[{\"x\":5,\"y\":5},{\"x\":6,\"y\":2},{\"x\":1,\"y\":2},{\"x\":1,\"y\":1},{\"x\":1,\"y\":6}]');

-- ----------------------------
-- Table structure for sys_config
-- ----------------------------
DROP TABLE IF EXISTS `sys_config`;
CREATE TABLE `sys_config`  (
  `config_id` int NOT NULL AUTO_INCREMENT COMMENT '参数主键',
  `config_name` varchar(100) CHARACTER SET utf8mb4 COLLATE utf8mb4_0900_ai_ci NULL DEFAULT '' COMMENT '参数名称',
  `config_key` varchar(100) CHARACTER SET utf8mb4 COLLATE utf8mb4_0900_ai_ci NULL DEFAULT '' COMMENT '参数键名',
  `config_value` varchar(500) CHARACTER SET utf8mb4 COLLATE utf8mb4_0900_ai_ci NULL DEFAULT '' COMMENT '参数键值',
  `config_type` char(1) CHARACTER SET utf8mb4 COLLATE utf8mb4_0900_ai_ci NULL DEFAULT 'N' COMMENT '系统内置（Y是 N否）',
  `create_by` varchar(64) CHARACTER SET utf8mb4 COLLATE utf8mb4_0900_ai_ci NULL DEFAULT '' COMMENT '创建者',
  `create_time` datetime NULL DEFAULT NULL COMMENT '创建时间',
  `update_by` varchar(64) CHARACTER SET utf8mb4 COLLATE utf8mb4_0900_ai_ci NULL DEFAULT '' COMMENT '更新者',
  `update_time` datetime NULL DEFAULT NULL COMMENT '更新时间',
  `remark` varchar(500) CHARACTER SET utf8mb4 COLLATE utf8mb4_0900_ai_ci NULL DEFAULT NULL COMMENT '备注',
  PRIMARY KEY (`config_id`) USING BTREE
) ENGINE = InnoDB AUTO_INCREMENT = 7 CHARACTER SET = utf8mb4 COLLATE = utf8mb4_0900_ai_ci COMMENT = '参数配置表' ROW_FORMAT = DYNAMIC;

-- ----------------------------
-- Records of sys_config
-- ----------------------------
INSERT INTO `sys_config` VALUES (1, '主框架页-默认皮肤样式名称', 'sys.index.skinName', 'skin-blue', 'Y', 'admin', '2025-02-01 15:48:19', '', NULL, '蓝色 skin-blue、绿色 skin-green、紫色 skin-purple、红色 skin-red、黄色 skin-yellow');
INSERT INTO `sys_config` VALUES (2, '用户管理-账号初始密码', 'sys.user.initPassword', '123456', 'Y', 'admin', '2025-02-01 15:48:19', '', NULL, '初始化密码 123456');
INSERT INTO `sys_config` VALUES (3, '主框架页-侧边栏主题', 'sys.index.sideTheme', 'theme-dark', 'Y', 'admin', '2025-02-01 15:48:19', '', NULL, '深色主题theme-dark，浅色主题theme-light');
INSERT INTO `sys_config` VALUES (4, '账号自助-验证码开关', 'sys.account.captchaEnabled', 'false', 'Y', 'admin', '2025-02-01 15:48:19', 'admin', '2025-02-13 05:52:31', '是否开启验证码功能（true开启，false关闭）');
INSERT INTO `sys_config` VALUES (5, '账号自助-是否开启用户注册功能', 'sys.account.registerUser', 'true', 'Y', 'admin', '2025-02-01 15:48:19', 'admin', '2025-02-13 05:52:43', '是否开启注册用户功能（true开启，false关闭）');
INSERT INTO `sys_config` VALUES (6, '用户登录-黑名单列表', 'sys.login.blackIPList', '', 'Y', 'admin', '2025-02-01 15:48:19', '', NULL, '设置登录IP黑名单限制，多个匹配项以;分隔，支持匹配（*通配、网段）');

-- ----------------------------
-- Table structure for sys_dept
-- ----------------------------
DROP TABLE IF EXISTS `sys_dept`;
CREATE TABLE `sys_dept`  (
  `dept_id` bigint NOT NULL AUTO_INCREMENT COMMENT '部门id',
  `parent_id` bigint NULL DEFAULT 0 COMMENT '父部门id',
  `ancestors` varchar(50) CHARACTER SET utf8mb4 COLLATE utf8mb4_0900_ai_ci NULL DEFAULT '' COMMENT '祖级列表',
  `dept_name` varchar(30) CHARACTER SET utf8mb4 COLLATE utf8mb4_0900_ai_ci NULL DEFAULT '' COMMENT '部门名称',
  `order_num` int NULL DEFAULT 0 COMMENT '显示顺序',
  `leader` varchar(20) CHARACTER SET utf8mb4 COLLATE utf8mb4_0900_ai_ci NULL DEFAULT NULL COMMENT '负责人',
  `phone` varchar(11) CHARACTER SET utf8mb4 COLLATE utf8mb4_0900_ai_ci NULL DEFAULT NULL COMMENT '联系电话',
  `email` varchar(50) CHARACTER SET utf8mb4 COLLATE utf8mb4_0900_ai_ci NULL DEFAULT NULL COMMENT '邮箱',
  `status` char(1) CHARACTER SET utf8mb4 COLLATE utf8mb4_0900_ai_ci NULL DEFAULT '0' COMMENT '部门状态（0正常 1停用）',
  `del_flag` char(1) CHARACTER SET utf8mb4 COLLATE utf8mb4_0900_ai_ci NULL DEFAULT '0' COMMENT '删除标志（0代表存在 2代表删除）',
  `create_by` varchar(64) CHARACTER SET utf8mb4 COLLATE utf8mb4_0900_ai_ci NULL DEFAULT '' COMMENT '创建者',
  `create_time` datetime NULL DEFAULT NULL COMMENT '创建时间',
  `update_by` varchar(64) CHARACTER SET utf8mb4 COLLATE utf8mb4_0900_ai_ci NULL DEFAULT '' COMMENT '更新者',
  `update_time` datetime NULL DEFAULT NULL COMMENT '更新时间',
  PRIMARY KEY (`dept_id`) USING BTREE
) ENGINE = InnoDB AUTO_INCREMENT = 110 CHARACTER SET = utf8mb4 COLLATE = utf8mb4_0900_ai_ci COMMENT = '部门表' ROW_FORMAT = DYNAMIC;

-- ----------------------------
-- Records of sys_dept
-- ----------------------------
INSERT INTO `sys_dept` VALUES (100, 0, '0', '若依科技', 0, '若依', '15888888888', 'ry@qq.com', '0', '0', 'admin', '2025-02-01 15:48:19', '', NULL);
INSERT INTO `sys_dept` VALUES (101, 100, '0,100', '深圳总公司', 1, '若依', '15888888888', 'ry@qq.com', '0', '0', 'admin', '2025-02-01 15:48:19', '', NULL);
INSERT INTO `sys_dept` VALUES (102, 100, '0,100', '长沙分公司', 2, '若依', '15888888888', 'ry@qq.com', '0', '0', 'admin', '2025-02-01 15:48:19', '', NULL);
INSERT INTO `sys_dept` VALUES (103, 101, '0,100,101', '研发部门', 1, '若依', '15888888888', 'ry@qq.com', '0', '0', 'admin', '2025-02-01 15:48:19', '', NULL);
INSERT INTO `sys_dept` VALUES (104, 101, '0,100,101', '市场部门', 2, '若依', '15888888888', 'ry@qq.com', '0', '0', 'admin', '2025-02-01 15:48:19', '', NULL);
INSERT INTO `sys_dept` VALUES (105, 101, '0,100,101', '测试部门', 3, '若依', '15888888888', 'ry@qq.com', '0', '0', 'admin', '2025-02-01 15:48:19', '', NULL);
INSERT INTO `sys_dept` VALUES (106, 101, '0,100,101', '财务部门', 4, '若依', '15888888888', 'ry@qq.com', '0', '0', 'admin', '2025-02-01 15:48:19', '', NULL);
INSERT INTO `sys_dept` VALUES (107, 101, '0,100,101', '运维部门', 5, '若依', '15888888888', 'ry@qq.com', '0', '0', 'admin', '2025-02-01 15:48:19', '', NULL);
INSERT INTO `sys_dept` VALUES (108, 102, '0,100,102', '市场部门', 1, '若依', '15888888888', 'ry@qq.com', '0', '0', 'admin', '2025-02-01 15:48:19', '', NULL);
INSERT INTO `sys_dept` VALUES (109, 102, '0,100,102', '财务部门', 2, '若依', '15888888888', 'ry@qq.com', '0', '0', 'admin', '2025-02-01 15:48:19', '', NULL);

-- ----------------------------
-- Table structure for sys_dict_data
-- ----------------------------
DROP TABLE IF EXISTS `sys_dict_data`;
CREATE TABLE `sys_dict_data`  (
  `dict_code` bigint NOT NULL AUTO_INCREMENT COMMENT '字典编码',
  `dict_sort` int NULL DEFAULT 0 COMMENT '字典排序',
  `dict_label` varchar(100) CHARACTER SET utf8mb4 COLLATE utf8mb4_0900_ai_ci NULL DEFAULT '' COMMENT '字典标签',
  `dict_value` varchar(100) CHARACTER SET utf8mb4 COLLATE utf8mb4_0900_ai_ci NULL DEFAULT '' COMMENT '字典键值',
  `dict_type` varchar(100) CHARACTER SET utf8mb4 COLLATE utf8mb4_0900_ai_ci NULL DEFAULT '' COMMENT '字典类型',
  `css_class` varchar(100) CHARACTER SET utf8mb4 COLLATE utf8mb4_0900_ai_ci NULL DEFAULT NULL COMMENT '样式属性（其他样式扩展）',
  `list_class` varchar(100) CHARACTER SET utf8mb4 COLLATE utf8mb4_0900_ai_ci NULL DEFAULT NULL COMMENT '表格回显样式',
  `is_default` char(1) CHARACTER SET utf8mb4 COLLATE utf8mb4_0900_ai_ci NULL DEFAULT 'N' COMMENT '是否默认（Y是 N否）',
  `status` char(1) CHARACTER SET utf8mb4 COLLATE utf8mb4_0900_ai_ci NULL DEFAULT '0' COMMENT '状态（0正常 1停用）',
  `create_by` varchar(64) CHARACTER SET utf8mb4 COLLATE utf8mb4_0900_ai_ci NULL DEFAULT '' COMMENT '创建者',
  `create_time` datetime NULL DEFAULT NULL COMMENT '创建时间',
  `update_by` varchar(64) CHARACTER SET utf8mb4 COLLATE utf8mb4_0900_ai_ci NULL DEFAULT '' COMMENT '更新者',
  `update_time` datetime NULL DEFAULT NULL COMMENT '更新时间',
  `remark` varchar(500) CHARACTER SET utf8mb4 COLLATE utf8mb4_0900_ai_ci NULL DEFAULT NULL COMMENT '备注',
  PRIMARY KEY (`dict_code`) USING BTREE
) ENGINE = InnoDB AUTO_INCREMENT = 114 CHARACTER SET = utf8mb4 COLLATE = utf8mb4_0900_ai_ci COMMENT = '字典数据表' ROW_FORMAT = DYNAMIC;

-- ----------------------------
-- Records of sys_dict_data
-- ----------------------------
INSERT INTO `sys_dict_data` VALUES (1, 1, '男', '0', 'sys_user_sex', '', '', 'Y', '0', 'admin', '2025-02-01 15:48:19', '', NULL, '性别男');
INSERT INTO `sys_dict_data` VALUES (2, 2, '女', '1', 'sys_user_sex', '', '', 'N', '0', 'admin', '2025-02-01 15:48:19', '', NULL, '性别女');
INSERT INTO `sys_dict_data` VALUES (3, 3, '未知', '2', 'sys_user_sex', '', '', 'N', '0', 'admin', '2025-02-01 15:48:19', '', NULL, '性别未知');
INSERT INTO `sys_dict_data` VALUES (4, 1, '显示', '0', 'sys_show_hide', '', 'primary', 'Y', '0', 'admin', '2025-02-01 15:48:19', '', NULL, '显示菜单');
INSERT INTO `sys_dict_data` VALUES (5, 2, '隐藏', '1', 'sys_show_hide', '', 'danger', 'N', '0', 'admin', '2025-02-01 15:48:19', '', NULL, '隐藏菜单');
INSERT INTO `sys_dict_data` VALUES (6, 1, '正常', '0', 'sys_normal_disable', '', 'primary', 'Y', '0', 'admin', '2025-02-01 15:48:19', '', NULL, '正常状态');
INSERT INTO `sys_dict_data` VALUES (7, 2, '停用', '1', 'sys_normal_disable', '', 'danger', 'N', '0', 'admin', '2025-02-01 15:48:19', '', NULL, '停用状态');
INSERT INTO `sys_dict_data` VALUES (8, 1, '正常', '0', 'sys_job_status', '', 'primary', 'Y', '0', 'admin', '2025-02-01 15:48:19', '', NULL, '正常状态');
INSERT INTO `sys_dict_data` VALUES (9, 2, '暂停', '1', 'sys_job_status', '', 'danger', 'N', '0', 'admin', '2025-02-01 15:48:19', '', NULL, '停用状态');
INSERT INTO `sys_dict_data` VALUES (10, 1, '默认', 'DEFAULT', 'sys_job_group', '', '', 'Y', '0', 'admin', '2025-02-01 15:48:19', '', NULL, '默认分组');
INSERT INTO `sys_dict_data` VALUES (11, 2, '系统', 'SYSTEM', 'sys_job_group', '', '', 'N', '0', 'admin', '2025-02-01 15:48:19', '', NULL, '系统分组');
INSERT INTO `sys_dict_data` VALUES (12, 1, '是', 'Y', 'sys_yes_no', '', 'primary', 'Y', '0', 'admin', '2025-02-01 15:48:19', '', NULL, '系统默认是');
INSERT INTO `sys_dict_data` VALUES (13, 2, '否', 'N', 'sys_yes_no', '', 'danger', 'N', '0', 'admin', '2025-02-01 15:48:19', '', NULL, '系统默认否');
INSERT INTO `sys_dict_data` VALUES (14, 1, '通知', '1', 'sys_notice_type', '', 'warning', 'Y', '0', 'admin', '2025-02-01 15:48:19', '', NULL, '通知');
INSERT INTO `sys_dict_data` VALUES (15, 2, '公告', '2', 'sys_notice_type', '', 'success', 'N', '0', 'admin', '2025-02-01 15:48:19', '', NULL, '公告');
INSERT INTO `sys_dict_data` VALUES (16, 1, '正常', '0', 'sys_notice_status', '', 'primary', 'Y', '0', 'admin', '2025-02-01 15:48:19', '', NULL, '正常状态');
INSERT INTO `sys_dict_data` VALUES (17, 2, '关闭', '1', 'sys_notice_status', '', 'danger', 'N', '0', 'admin', '2025-02-01 15:48:19', '', NULL, '关闭状态');
INSERT INTO `sys_dict_data` VALUES (18, 99, '其他', '0', 'sys_oper_type', '', 'info', 'N', '0', 'admin', '2025-02-01 15:48:19', '', NULL, '其他操作');
INSERT INTO `sys_dict_data` VALUES (19, 1, '新增', '1', 'sys_oper_type', '', 'info', 'N', '0', 'admin', '2025-02-01 15:48:19', '', NULL, '新增操作');
INSERT INTO `sys_dict_data` VALUES (20, 2, '修改', '2', 'sys_oper_type', '', 'info', 'N', '0', 'admin', '2025-02-01 15:48:19', '', NULL, '修改操作');
INSERT INTO `sys_dict_data` VALUES (21, 3, '删除', '3', 'sys_oper_type', '', 'danger', 'N', '0', 'admin', '2025-02-01 15:48:19', '', NULL, '删除操作');
INSERT INTO `sys_dict_data` VALUES (22, 4, '授权', '4', 'sys_oper_type', '', 'primary', 'N', '0', 'admin', '2025-02-01 15:48:19', '', NULL, '授权操作');
INSERT INTO `sys_dict_data` VALUES (23, 5, '导出', '5', 'sys_oper_type', '', 'warning', 'N', '0', 'admin', '2025-02-01 15:48:19', '', NULL, '导出操作');
INSERT INTO `sys_dict_data` VALUES (24, 6, '导入', '6', 'sys_oper_type', '', 'warning', 'N', '0', 'admin', '2025-02-01 15:48:19', '', NULL, '导入操作');
INSERT INTO `sys_dict_data` VALUES (25, 7, '强退', '7', 'sys_oper_type', '', 'danger', 'N', '0', 'admin', '2025-02-01 15:48:19', '', NULL, '强退操作');
INSERT INTO `sys_dict_data` VALUES (26, 8, '生成代码', '8', 'sys_oper_type', '', 'warning', 'N', '0', 'admin', '2025-02-01 15:48:19', '', NULL, '生成操作');
INSERT INTO `sys_dict_data` VALUES (27, 9, '清空数据', '9', 'sys_oper_type', '', 'danger', 'N', '0', 'admin', '2025-02-01 15:48:19', '', NULL, '清空操作');
INSERT INTO `sys_dict_data` VALUES (28, 1, '成功', '0', 'sys_common_status', '', 'primary', 'N', '0', 'admin', '2025-02-01 15:48:19', '', NULL, '正常状态');
INSERT INTO `sys_dict_data` VALUES (29, 2, '失败', '1', 'sys_common_status', '', 'danger', 'N', '0', 'admin', '2025-02-01 15:48:19', '', NULL, '停用状态');
INSERT INTO `sys_dict_data` VALUES (110, 1, '先手胜利', '0', 'win_status', NULL, 'default', 'N', '0', 'admin', '2025-05-05 02:21:15', '', NULL, NULL);
INSERT INTO `sys_dict_data` VALUES (111, 2, '后手胜利', '1', 'win_status', NULL, 'default', 'N', '0', 'admin', '2025-05-05 02:21:28', '', NULL, NULL);
INSERT INTO `sys_dict_data` VALUES (112, 3, '平局', '2', 'win_status', NULL, 'default', 'N', '0', 'admin', '2025-05-05 02:21:44', '', NULL, NULL);
INSERT INTO `sys_dict_data` VALUES (113, 4, '终止', '3', 'win_status', NULL, 'default', 'N', '0', 'admin', '2025-05-05 14:54:14', '', NULL, NULL);

-- ----------------------------
-- Table structure for sys_dict_type
-- ----------------------------
DROP TABLE IF EXISTS `sys_dict_type`;
CREATE TABLE `sys_dict_type`  (
  `dict_id` bigint NOT NULL AUTO_INCREMENT COMMENT '字典主键',
  `dict_name` varchar(100) CHARACTER SET utf8mb4 COLLATE utf8mb4_0900_ai_ci NULL DEFAULT '' COMMENT '字典名称',
  `dict_type` varchar(100) CHARACTER SET utf8mb4 COLLATE utf8mb4_0900_ai_ci NULL DEFAULT '' COMMENT '字典类型',
  `status` char(1) CHARACTER SET utf8mb4 COLLATE utf8mb4_0900_ai_ci NULL DEFAULT '0' COMMENT '状态（0正常 1停用）',
  `create_by` varchar(64) CHARACTER SET utf8mb4 COLLATE utf8mb4_0900_ai_ci NULL DEFAULT '' COMMENT '创建者',
  `create_time` datetime NULL DEFAULT NULL COMMENT '创建时间',
  `update_by` varchar(64) CHARACTER SET utf8mb4 COLLATE utf8mb4_0900_ai_ci NULL DEFAULT '' COMMENT '更新者',
  `update_time` datetime NULL DEFAULT NULL COMMENT '更新时间',
  `remark` varchar(500) CHARACTER SET utf8mb4 COLLATE utf8mb4_0900_ai_ci NULL DEFAULT NULL COMMENT '备注',
  PRIMARY KEY (`dict_id`) USING BTREE,
  UNIQUE INDEX `dict_type`(`dict_type` ASC) USING BTREE
) ENGINE = InnoDB AUTO_INCREMENT = 102 CHARACTER SET = utf8mb4 COLLATE = utf8mb4_0900_ai_ci COMMENT = '字典类型表' ROW_FORMAT = DYNAMIC;

-- ----------------------------
-- Records of sys_dict_type
-- ----------------------------
INSERT INTO `sys_dict_type` VALUES (1, '用户性别', 'sys_user_sex', '0', 'admin', '2025-02-01 15:48:19', '', NULL, '用户性别列表');
INSERT INTO `sys_dict_type` VALUES (2, '菜单状态', 'sys_show_hide', '0', 'admin', '2025-02-01 15:48:19', '', NULL, '菜单状态列表');
INSERT INTO `sys_dict_type` VALUES (3, '系统开关', 'sys_normal_disable', '0', 'admin', '2025-02-01 15:48:19', '', NULL, '系统开关列表');
INSERT INTO `sys_dict_type` VALUES (4, '任务状态', 'sys_job_status', '0', 'admin', '2025-02-01 15:48:19', '', NULL, '任务状态列表');
INSERT INTO `sys_dict_type` VALUES (5, '任务分组', 'sys_job_group', '0', 'admin', '2025-02-01 15:48:19', '', NULL, '任务分组列表');
INSERT INTO `sys_dict_type` VALUES (6, '系统是否', 'sys_yes_no', '0', 'admin', '2025-02-01 15:48:19', '', NULL, '系统是否列表');
INSERT INTO `sys_dict_type` VALUES (7, '通知类型', 'sys_notice_type', '0', 'admin', '2025-02-01 15:48:19', '', NULL, '通知类型列表');
INSERT INTO `sys_dict_type` VALUES (8, '通知状态', 'sys_notice_status', '0', 'admin', '2025-02-01 15:48:19', '', NULL, '通知状态列表');
INSERT INTO `sys_dict_type` VALUES (9, '操作类型', 'sys_oper_type', '0', 'admin', '2025-02-01 15:48:19', '', NULL, '操作类型列表');
INSERT INTO `sys_dict_type` VALUES (10, '系统状态', 'sys_common_status', '0', 'admin', '2025-02-01 15:48:19', '', NULL, '登录状态列表');
INSERT INTO `sys_dict_type` VALUES (102, '胜利状态', 'win_status', '0', 'admin', '2025-05-05 02:19:54', 'admin', '2025-05-05 02:20:49', NULL);

-- ----------------------------
-- Table structure for sys_job
-- ----------------------------
DROP TABLE IF EXISTS `sys_job`;
CREATE TABLE `sys_job`  (
  `job_id` bigint NOT NULL AUTO_INCREMENT COMMENT '任务ID',
  `job_name` varchar(64) CHARACTER SET utf8mb4 COLLATE utf8mb4_0900_ai_ci NOT NULL DEFAULT '' COMMENT '任务名称',
  `job_group` varchar(64) CHARACTER SET utf8mb4 COLLATE utf8mb4_0900_ai_ci NOT NULL DEFAULT 'DEFAULT' COMMENT '任务组名',
  `invoke_target` varchar(500) CHARACTER SET utf8mb4 COLLATE utf8mb4_0900_ai_ci NOT NULL COMMENT '调用目标字符串',
  `cron_expression` varchar(255) CHARACTER SET utf8mb4 COLLATE utf8mb4_0900_ai_ci NULL DEFAULT '' COMMENT 'cron执行表达式',
  `misfire_policy` varchar(20) CHARACTER SET utf8mb4 COLLATE utf8mb4_0900_ai_ci NULL DEFAULT '3' COMMENT '计划执行错误策略（1立即执行 2执行一次 3放弃执行）',
  `concurrent` char(1) CHARACTER SET utf8mb4 COLLATE utf8mb4_0900_ai_ci NULL DEFAULT '1' COMMENT '是否并发执行（0允许 1禁止）',
  `status` char(1) CHARACTER SET utf8mb4 COLLATE utf8mb4_0900_ai_ci NULL DEFAULT '0' COMMENT '状态（0正常 1暂停）',
  `create_by` varchar(64) CHARACTER SET utf8mb4 COLLATE utf8mb4_0900_ai_ci NULL DEFAULT '' COMMENT '创建者',
  `create_time` datetime NULL DEFAULT NULL COMMENT '创建时间',
  `update_by` varchar(64) CHARACTER SET utf8mb4 COLLATE utf8mb4_0900_ai_ci NULL DEFAULT '' COMMENT '更新者',
  `update_time` datetime NULL DEFAULT NULL COMMENT '更新时间',
  `remark` varchar(500) CHARACTER SET utf8mb4 COLLATE utf8mb4_0900_ai_ci NULL DEFAULT '' COMMENT '备注信息',
  PRIMARY KEY (`job_id`, `job_name`, `job_group`) USING BTREE
) ENGINE = InnoDB AUTO_INCREMENT = 4 CHARACTER SET = utf8mb4 COLLATE = utf8mb4_0900_ai_ci COMMENT = '定时任务调度表' ROW_FORMAT = DYNAMIC;

-- ----------------------------
-- Records of sys_job
-- ----------------------------
INSERT INTO `sys_job` VALUES (1, '系统默认（无参）', 'DEFAULT', 'ryTask.ryNoParams', '0/10 * * * * ?', '3', '1', '1', 'admin', '2025-02-01 15:48:19', '', NULL, '');
INSERT INTO `sys_job` VALUES (2, '系统默认（有参）', 'DEFAULT', 'ryTask.ryParams(\'ry\')', '0/15 * * * * ?', '3', '1', '1', 'admin', '2025-02-01 15:48:19', '', NULL, '');
INSERT INTO `sys_job` VALUES (3, '系统默认（多参）', 'DEFAULT', 'ryTask.ryMultipleParams(\'ry\', true, 2000L, 316.50D, 100)', '0/20 * * * * ?', '3', '1', '1', 'admin', '2025-02-01 15:48:19', '', NULL, '');

-- ----------------------------
-- Table structure for sys_logininfor
-- ----------------------------
DROP TABLE IF EXISTS `sys_logininfor`;
CREATE TABLE `sys_logininfor`  (
  `info_id` bigint NOT NULL AUTO_INCREMENT COMMENT '访问ID',
  `user_name` varchar(50) CHARACTER SET utf8mb4 COLLATE utf8mb4_0900_ai_ci NULL DEFAULT '' COMMENT '用户账号',
  `ipaddr` varchar(128) CHARACTER SET utf8mb4 COLLATE utf8mb4_0900_ai_ci NULL DEFAULT '' COMMENT '登录IP地址',
  `login_location` varchar(255) CHARACTER SET utf8mb4 COLLATE utf8mb4_0900_ai_ci NULL DEFAULT '' COMMENT '登录地点',
  `browser` varchar(50) CHARACTER SET utf8mb4 COLLATE utf8mb4_0900_ai_ci NULL DEFAULT '' COMMENT '浏览器类型',
  `os` varchar(50) CHARACTER SET utf8mb4 COLLATE utf8mb4_0900_ai_ci NULL DEFAULT '' COMMENT '操作系统',
  `status` char(1) CHARACTER SET utf8mb4 COLLATE utf8mb4_0900_ai_ci NULL DEFAULT '0' COMMENT '登录状态（0成功 1失败）',
  `msg` varchar(255) CHARACTER SET utf8mb4 COLLATE utf8mb4_0900_ai_ci NULL DEFAULT '' COMMENT '提示消息',
  `login_time` datetime NULL DEFAULT NULL COMMENT '访问时间',
  PRIMARY KEY (`info_id`) USING BTREE,
  INDEX `idx_sys_logininfor_s`(`status` ASC) USING BTREE,
  INDEX `idx_sys_logininfor_lt`(`login_time` ASC) USING BTREE
) ENGINE = InnoDB AUTO_INCREMENT = 215 CHARACTER SET = utf8mb4 COLLATE = utf8mb4_0900_ai_ci COMMENT = '系统访问记录' ROW_FORMAT = DYNAMIC;

-- ----------------------------
-- Records of sys_logininfor
-- ----------------------------
INSERT INTO `sys_logininfor` VALUES (100, 'admin', '127.0.0.1', '内网IP', 'Chrome 13', 'Windows 10', '1', '验证码错误', '2025-02-01 16:00:51');
INSERT INTO `sys_logininfor` VALUES (101, 'admin', '127.0.0.1', '内网IP', 'Chrome 13', 'Windows 10', '0', '登录成功', '2025-02-01 16:00:57');
INSERT INTO `sys_logininfor` VALUES (102, 'admin', '127.0.0.1', '内网IP', 'Chrome 13', 'Windows 10', '0', '登录成功', '2025-02-03 02:14:10');
INSERT INTO `sys_logininfor` VALUES (103, 'admin', '127.0.0.1', '内网IP', 'Chrome 13', 'Windows 10', '0', '登录成功', '2025-02-03 03:13:25');
INSERT INTO `sys_logininfor` VALUES (104, 'admin', '127.0.0.1', '内网IP', 'Chrome 13', 'Windows 10', '0', '登录成功', '2025-02-12 02:36:27');
INSERT INTO `sys_logininfor` VALUES (105, 'admin', '127.0.0.1', '内网IP', 'Chrome 13', 'Windows 10', '0', '登录成功', '2025-02-12 05:57:52');
INSERT INTO `sys_logininfor` VALUES (106, 'admin', '127.0.0.1', '内网IP', 'Chrome 13', 'Windows 10', '0', '登录成功', '2025-02-12 23:22:06');
INSERT INTO `sys_logininfor` VALUES (107, 'admin', '127.0.0.1', '内网IP', 'Chrome 13', 'Windows 10', '0', '登录成功', '2025-02-13 01:06:51');
INSERT INTO `sys_logininfor` VALUES (108, 'admin', '127.0.0.1', '内网IP', 'Chrome 13', 'Windows 10', '0', '登录成功', '2025-02-13 05:31:00');
INSERT INTO `sys_logininfor` VALUES (109, 'admin', '127.0.0.1', '内网IP', 'Chrome 13', 'Windows 10', '0', '退出成功', '2025-02-13 05:52:48');
INSERT INTO `sys_logininfor` VALUES (110, 'admin', '127.0.0.1', '内网IP', 'Chrome 13', 'Windows 10', '0', '登录成功', '2025-02-13 05:52:54');
INSERT INTO `sys_logininfor` VALUES (111, 'admin', '127.0.0.1', '内网IP', 'Chrome 13', 'Windows 10', '0', '退出成功', '2025-02-13 05:54:39');
INSERT INTO `sys_logininfor` VALUES (112, 'admin', '127.0.0.1', '内网IP', 'Chrome 13', 'Windows 10', '0', '登录成功', '2025-02-13 05:54:45');
INSERT INTO `sys_logininfor` VALUES (113, 'admin', '127.0.0.1', '内网IP', 'Chrome 13', 'Windows 10', '0', '登录成功', '2025-02-13 17:18:12');
INSERT INTO `sys_logininfor` VALUES (114, 'admin', '127.0.0.1', '内网IP', 'Chrome 13', 'Windows 10', '0', '登录成功', '2025-02-13 18:45:39');
INSERT INTO `sys_logininfor` VALUES (115, 'admin', '127.0.0.1', '内网IP', 'Chrome 13', 'Windows 10', '0', '登录成功', '2025-02-13 19:25:15');
INSERT INTO `sys_logininfor` VALUES (116, 'admin', '127.0.0.1', '内网IP', 'Chrome 13', 'Windows 10', '0', '退出成功', '2025-02-13 20:49:02');
INSERT INTO `sys_logininfor` VALUES (117, 'admin', '127.0.0.1', '内网IP', 'Chrome 13', 'Windows 10', '0', '登录成功', '2025-02-13 21:22:43');
INSERT INTO `sys_logininfor` VALUES (118, 'admin', '127.0.0.1', '内网IP', 'Chrome 13', 'Windows 10', '0', '退出成功', '2025-02-13 21:36:50');
INSERT INTO `sys_logininfor` VALUES (119, 'admin', '127.0.0.1', '内网IP', 'Chrome 13', 'Windows 10', '0', '登录成功', '2025-02-13 21:40:59');
INSERT INTO `sys_logininfor` VALUES (120, 'admin', '127.0.0.1', '内网IP', 'Chrome 13', 'Windows 10', '0', '登录成功', '2025-05-04 23:09:59');
INSERT INTO `sys_logininfor` VALUES (121, 'admin', '127.0.0.1', '内网IP', 'Chrome 13', 'Windows 10', '0', '退出成功', '2025-05-04 23:24:50');
INSERT INTO `sys_logininfor` VALUES (122, 'admin', '127.0.0.1', '内网IP', 'Chrome 13', 'Windows 10', '0', '登录成功', '2025-05-04 23:24:51');
INSERT INTO `sys_logininfor` VALUES (123, 'admin', '127.0.0.1', '内网IP', 'Chrome 13', 'Windows 10', '0', '登录成功', '2025-05-05 00:29:16');
INSERT INTO `sys_logininfor` VALUES (124, 'admin', '127.0.0.1', '内网IP', 'Chrome 13', 'Windows 10', '0', '登录成功', '2025-05-05 02:36:11');
INSERT INTO `sys_logininfor` VALUES (125, 'admin', '127.0.0.1', '内网IP', 'Chrome 13', 'Windows 10', '0', '登录成功', '2025-05-05 11:32:36');
INSERT INTO `sys_logininfor` VALUES (126, 'admin', '127.0.0.1', '内网IP', 'Chrome 13', 'Windows 10', '0', '退出成功', '2025-05-05 11:36:01');
INSERT INTO `sys_logininfor` VALUES (127, '测试玩家', '127.0.0.1', '内网IP', 'Chrome 13', 'Windows 10', '0', '注册成功', '2025-05-05 11:46:48');
INSERT INTO `sys_logininfor` VALUES (128, 'admin', '127.0.0.1', '内网IP', 'Chrome 13', 'Windows 10', '0', '登录成功', '2025-05-05 11:46:56');
INSERT INTO `sys_logininfor` VALUES (129, 'admin', '127.0.0.1', '内网IP', 'Chrome 13', 'Windows 10', '0', '退出成功', '2025-05-05 11:47:06');
INSERT INTO `sys_logininfor` VALUES (130, '测试玩家', '127.0.0.1', '内网IP', 'Chrome 13', 'Windows 10', '0', '登录成功', '2025-05-05 11:47:15');
INSERT INTO `sys_logininfor` VALUES (131, '测试玩家', '127.0.0.1', '内网IP', 'Chrome 13', 'Windows 10', '0', '退出成功', '2025-05-05 11:52:12');
INSERT INTO `sys_logininfor` VALUES (132, 'aaaa', '127.0.0.1', '内网IP', 'Chrome 13', 'Windows 10', '0', '注册成功', '2025-05-05 11:53:58');
INSERT INTO `sys_logininfor` VALUES (133, 'aaaaa', '127.0.0.1', '内网IP', 'Chrome 13', 'Windows 10', '1', '用户不存在/密码错误', '2025-05-05 11:54:08');
INSERT INTO `sys_logininfor` VALUES (134, 'aaaa', '127.0.0.1', '内网IP', 'Chrome 13', 'Windows 10', '0', '登录成功', '2025-05-05 11:54:12');
INSERT INTO `sys_logininfor` VALUES (135, 'aaaa', '127.0.0.1', '内网IP', 'Chrome 13', 'Windows 10', '0', '退出成功', '2025-05-05 11:55:04');
INSERT INTO `sys_logininfor` VALUES (136, 'admin', '127.0.0.1', '内网IP', 'Chrome 13', 'Windows 10', '0', '登录成功', '2025-05-05 11:55:07');
INSERT INTO `sys_logininfor` VALUES (137, 'admin', '127.0.0.1', '内网IP', 'Chrome 13', 'Windows 10', '0', '退出成功', '2025-05-05 11:56:16');
INSERT INTO `sys_logininfor` VALUES (138, 'aaaa', '127.0.0.1', '内网IP', 'Chrome 13', 'Windows 10', '0', '登录成功', '2025-05-05 11:56:24');
INSERT INTO `sys_logininfor` VALUES (139, 'aaaa', '127.0.0.1', '内网IP', 'Chrome 13', 'Windows 10', '0', '退出成功', '2025-05-05 11:56:47');
INSERT INTO `sys_logininfor` VALUES (140, 'admin', '127.0.0.1', '内网IP', 'Chrome 13', 'Windows 10', '0', '登录成功', '2025-05-05 11:56:51');
INSERT INTO `sys_logininfor` VALUES (141, 'admin', '127.0.0.1', '内网IP', 'Chrome 13', 'Windows 10', '0', '退出成功', '2025-05-05 11:58:06');
INSERT INTO `sys_logininfor` VALUES (142, 'aaaa', '127.0.0.1', '内网IP', 'Chrome 13', 'Windows 10', '0', '登录成功', '2025-05-05 11:58:15');
INSERT INTO `sys_logininfor` VALUES (143, 'aaaa', '127.0.0.1', '内网IP', 'Chrome 13', 'Windows 10', '0', '退出成功', '2025-05-05 11:58:45');
INSERT INTO `sys_logininfor` VALUES (144, 'bb', '127.0.0.1', '内网IP', 'Chrome 13', 'Windows 10', '0', '注册成功', '2025-05-05 12:03:37');
INSERT INTO `sys_logininfor` VALUES (145, 'bb', '127.0.0.1', '内网IP', 'Chrome 13', 'Windows 10', '0', '登录成功', '2025-05-05 12:03:45');
INSERT INTO `sys_logininfor` VALUES (146, 'admin', '127.0.0.1', '内网IP', 'Chrome 13', 'Windows 10', '0', '登录成功', '2025-05-05 14:52:06');
INSERT INTO `sys_logininfor` VALUES (147, 'admin', '127.0.0.1', '内网IP', 'Chrome 13', 'Windows 10', '0', '退出成功', '2025-05-05 14:59:45');
INSERT INTO `sys_logininfor` VALUES (148, 'bb', '127.0.0.1', '内网IP', 'Chrome 13', 'Windows 10', '0', '登录成功', '2025-05-05 14:59:50');
INSERT INTO `sys_logininfor` VALUES (149, 'bb', '127.0.0.1', '内网IP', 'Chrome 13', 'Windows 10', '0', '退出成功', '2025-05-05 15:37:31');
INSERT INTO `sys_logininfor` VALUES (150, 'admin', '127.0.0.1', '内网IP', 'Chrome 13', 'Windows 10', '0', '登录成功', '2025-05-05 15:37:35');
INSERT INTO `sys_logininfor` VALUES (151, 'admin', '127.0.0.1', '内网IP', 'Chrome 13', 'Windows 10', '0', '登录成功', '2025-05-06 21:51:54');
INSERT INTO `sys_logininfor` VALUES (152, 'admin', '127.0.0.1', '内网IP', 'Chrome 13', 'Windows 10', '0', '退出成功', '2025-05-06 21:59:00');
INSERT INTO `sys_logininfor` VALUES (153, 'bb', '127.0.0.1', '内网IP', 'Chrome 13', 'Windows 10', '0', '登录成功', '2025-05-06 21:59:07');
INSERT INTO `sys_logininfor` VALUES (154, 'bb', '127.0.0.1', '内网IP', 'Chrome 13', 'Windows 10', '0', '退出成功', '2025-05-06 21:59:18');
INSERT INTO `sys_logininfor` VALUES (155, 'admin', '127.0.0.1', '内网IP', 'Chrome 13', 'Windows 10', '0', '登录成功', '2025-05-06 21:59:20');
INSERT INTO `sys_logininfor` VALUES (156, 'admin', '127.0.0.1', '内网IP', 'Chrome 13', 'Windows 10', '0', '登录成功', '2025-05-14 20:35:03');
INSERT INTO `sys_logininfor` VALUES (157, 'bb', '127.0.0.1', '内网IP', 'Unknown', 'Unknown', '0', '登录成功', '2025-05-25 23:11:10');
INSERT INTO `sys_logininfor` VALUES (158, 'bb', '127.0.0.1', '内网IP', 'Unknown', 'Unknown', '0', '登录成功', '2025-05-26 00:09:49');
INSERT INTO `sys_logininfor` VALUES (159, 'bb', '127.0.0.1', '内网IP', 'Unknown', 'Unknown', '0', '登录成功', '2025-05-26 00:10:46');
INSERT INTO `sys_logininfor` VALUES (160, 'bb', '127.0.0.1', '内网IP', 'Unknown', 'Unknown', '0', '登录成功', '2025-05-26 00:20:56');
INSERT INTO `sys_logininfor` VALUES (161, 'bb', '127.0.0.1', '内网IP', 'Unknown', 'Unknown', '0', '登录成功', '2025-05-26 00:23:39');
INSERT INTO `sys_logininfor` VALUES (162, 'bb', '127.0.0.1', '内网IP', 'Unknown', 'Unknown', '0', '登录成功', '2025-05-26 00:37:09');
INSERT INTO `sys_logininfor` VALUES (163, 'bb', '127.0.0.1', '内网IP', 'Unknown', 'Unknown', '0', '登录成功', '2025-05-26 00:37:46');
INSERT INTO `sys_logininfor` VALUES (164, 'bb', '127.0.0.1', '内网IP', 'Unknown', 'Unknown', '0', '登录成功', '2025-05-26 00:38:25');
INSERT INTO `sys_logininfor` VALUES (165, 'bb', '127.0.0.1', '内网IP', 'Unknown', 'Unknown', '0', '登录成功', '2025-05-26 00:42:19');
INSERT INTO `sys_logininfor` VALUES (166, 'bb', '127.0.0.1', '内网IP', 'Unknown', 'Unknown', '0', '登录成功', '2025-05-26 00:44:05');
INSERT INTO `sys_logininfor` VALUES (167, 'bb', '127.0.0.1', '内网IP', 'Unknown', 'Unknown', '0', '登录成功', '2025-05-26 00:46:44');
INSERT INTO `sys_logininfor` VALUES (168, 'bb', '127.0.0.1', '内网IP', 'Unknown', 'Unknown', '0', '登录成功', '2025-05-26 00:48:58');
INSERT INTO `sys_logininfor` VALUES (169, 'bb', '127.0.0.1', '内网IP', 'Unknown', 'Unknown', '0', '登录成功', '2025-05-26 00:50:28');
INSERT INTO `sys_logininfor` VALUES (170, 'bb', '127.0.0.1', '内网IP', 'Unknown', 'Unknown', '0', '登录成功', '2025-05-26 01:03:49');
INSERT INTO `sys_logininfor` VALUES (171, 'bb', '127.0.0.1', '内网IP', 'Unknown', 'Unknown', '0', '登录成功', '2025-05-26 01:05:41');
INSERT INTO `sys_logininfor` VALUES (172, 'bb', '127.0.0.1', '内网IP', 'Unknown', 'Unknown', '0', '登录成功', '2025-05-26 01:10:58');
INSERT INTO `sys_logininfor` VALUES (173, 'bb', '127.0.0.1', '内网IP', 'Unknown', 'Unknown', '0', '登录成功', '2025-05-26 01:19:24');
INSERT INTO `sys_logininfor` VALUES (174, 'bb', '127.0.0.1', '内网IP', 'Unknown', 'Unknown', '0', '登录成功', '2025-05-26 01:29:39');
INSERT INTO `sys_logininfor` VALUES (175, 'bb', '127.0.0.1', '内网IP', 'Unknown', 'Unknown', '0', '登录成功', '2025-05-26 01:32:51');
INSERT INTO `sys_logininfor` VALUES (176, 'bb', '127.0.0.1', '内网IP', 'Unknown', 'Unknown', '0', '登录成功', '2025-05-26 01:34:01');
INSERT INTO `sys_logininfor` VALUES (177, 'bb', '127.0.0.1', '内网IP', 'Unknown', 'Unknown', '0', '登录成功', '2025-05-26 01:35:56');
INSERT INTO `sys_logininfor` VALUES (178, 'bb', '127.0.0.1', '内网IP', 'Unknown', 'Unknown', '0', '登录成功', '2025-05-26 01:37:07');
INSERT INTO `sys_logininfor` VALUES (179, 'bb', '127.0.0.1', '内网IP', 'Unknown', 'Unknown', '0', '登录成功', '2025-05-26 01:38:19');
INSERT INTO `sys_logininfor` VALUES (180, 'bb', '127.0.0.1', '内网IP', 'Unknown', 'Unknown', '0', '登录成功', '2025-05-26 01:39:34');
INSERT INTO `sys_logininfor` VALUES (181, 'bb', '127.0.0.1', '内网IP', 'Unknown', 'Unknown', '0', '登录成功', '2025-05-26 01:40:24');
INSERT INTO `sys_logininfor` VALUES (182, 'bb', '127.0.0.1', '内网IP', 'Unknown', 'Unknown', '0', '登录成功', '2025-05-26 01:42:48');
INSERT INTO `sys_logininfor` VALUES (183, 'bb', '127.0.0.1', '内网IP', 'Unknown', 'Unknown', '0', '登录成功', '2025-05-26 01:48:47');
INSERT INTO `sys_logininfor` VALUES (184, 'bb', '127.0.0.1', '内网IP', 'Unknown', 'Unknown', '0', '登录成功', '2025-05-26 01:52:09');
INSERT INTO `sys_logininfor` VALUES (185, 'bb', '127.0.0.1', '内网IP', 'Unknown', 'Unknown', '0', '登录成功', '2025-05-26 02:15:01');
INSERT INTO `sys_logininfor` VALUES (186, 'bb', '127.0.0.1', '内网IP', 'Unknown', 'Unknown', '0', '登录成功', '2025-05-26 02:19:22');
INSERT INTO `sys_logininfor` VALUES (187, 'bb', '127.0.0.1', '内网IP', 'Unknown', 'Unknown', '0', '登录成功', '2025-05-26 02:34:31');
INSERT INTO `sys_logininfor` VALUES (188, 'bb', '127.0.0.1', '内网IP', 'Unknown', 'Unknown', '0', '登录成功', '2025-05-26 02:40:07');
INSERT INTO `sys_logininfor` VALUES (189, 'bb', '127.0.0.1', '内网IP', 'Unknown', 'Unknown', '0', '登录成功', '2025-05-26 02:41:05');
INSERT INTO `sys_logininfor` VALUES (190, 'bb', '127.0.0.1', '内网IP', 'Unknown', 'Unknown', '0', '登录成功', '2025-05-26 02:42:30');
INSERT INTO `sys_logininfor` VALUES (191, 'bb', '127.0.0.1', '内网IP', 'Unknown', 'Unknown', '0', '登录成功', '2025-05-26 02:46:04');
INSERT INTO `sys_logininfor` VALUES (192, 'bb', '127.0.0.1', '内网IP', 'Unknown', 'Unknown', '0', '登录成功', '2025-05-26 02:51:43');
INSERT INTO `sys_logininfor` VALUES (193, 'bb', '127.0.0.1', '内网IP', 'Unknown', 'Unknown', '0', '登录成功', '2025-05-26 02:55:06');
INSERT INTO `sys_logininfor` VALUES (194, 'bb', '127.0.0.1', '内网IP', 'Unknown', 'Unknown', '0', '登录成功', '2025-05-26 03:05:11');
INSERT INTO `sys_logininfor` VALUES (195, 'bb', '127.0.0.1', '内网IP', 'Unknown', 'Unknown', '0', '登录成功', '2025-05-26 03:06:29');
INSERT INTO `sys_logininfor` VALUES (196, 'bb', '127.0.0.1', '内网IP', 'Unknown', 'Unknown', '0', '登录成功', '2025-05-26 03:09:53');
INSERT INTO `sys_logininfor` VALUES (197, 'bb', '127.0.0.1', '内网IP', 'Unknown', 'Unknown', '0', '登录成功', '2025-05-26 21:23:46');
INSERT INTO `sys_logininfor` VALUES (198, 'bb', '127.0.0.1', '内网IP', 'Unknown', 'Unknown', '0', '登录成功', '2025-05-26 21:30:03');
INSERT INTO `sys_logininfor` VALUES (199, 'bb', '127.0.0.1', '内网IP', 'Unknown', 'Unknown', '0', '登录成功', '2025-05-26 21:32:18');
INSERT INTO `sys_logininfor` VALUES (200, 'bb', '127.0.0.1', '内网IP', 'Unknown', 'Unknown', '0', '登录成功', '2025-05-26 21:41:00');
INSERT INTO `sys_logininfor` VALUES (201, 'bb', '127.0.0.1', '内网IP', 'Unknown', 'Unknown', '0', '登录成功', '2025-05-26 21:41:36');
INSERT INTO `sys_logininfor` VALUES (202, 'bb', '127.0.0.1', '内网IP', 'Unknown', 'Unknown', '0', '登录成功', '2025-05-26 21:42:18');
INSERT INTO `sys_logininfor` VALUES (203, 'bb', '127.0.0.1', '内网IP', 'Unknown', 'Unknown', '0', '登录成功', '2025-05-26 21:44:39');
INSERT INTO `sys_logininfor` VALUES (204, 'bb', '127.0.0.1', '内网IP', 'Unknown', 'Unknown', '0', '登录成功', '2025-05-26 21:45:32');
INSERT INTO `sys_logininfor` VALUES (205, 'bb', '127.0.0.1', '内网IP', 'Unknown', 'Unknown', '0', '登录成功', '2025-05-26 21:47:40');
INSERT INTO `sys_logininfor` VALUES (206, 'bb', '127.0.0.1', '内网IP', 'Unknown', 'Unknown', '0', '登录成功', '2025-05-26 21:48:13');
INSERT INTO `sys_logininfor` VALUES (207, 'bb', '127.0.0.1', '内网IP', 'Unknown', 'Unknown', '0', '登录成功', '2025-05-26 21:54:40');
INSERT INTO `sys_logininfor` VALUES (208, 'bb', '127.0.0.1', '内网IP', 'Unknown', 'Unknown', '0', '登录成功', '2025-05-26 22:05:22');
INSERT INTO `sys_logininfor` VALUES (209, 'bb', '127.0.0.1', '内网IP', 'Unknown', 'Unknown', '0', '登录成功', '2025-05-27 18:42:58');
INSERT INTO `sys_logininfor` VALUES (210, 'lff', '127.0.0.1', '内网IP', 'Unknown', 'Unknown', '1', 'No message found under code \'用户不存在\' for locale \'zh_CN\'.', '2025-05-27 18:55:57');
INSERT INTO `sys_logininfor` VALUES (211, 'bb', '127.0.0.1', '内网IP', 'Unknown', 'Unknown', '0', '登录成功', '2025-05-27 18:56:03');
INSERT INTO `sys_logininfor` VALUES (212, 'bb', '127.0.0.1', '内网IP', 'Unknown', 'Unknown', '0', '登录成功', '2025-05-27 19:12:58');
INSERT INTO `sys_logininfor` VALUES (213, 'bb', '127.0.0.1', '内网IP', 'Unknown', 'Unknown', '0', '登录成功', '2025-05-27 19:19:33');
INSERT INTO `sys_logininfor` VALUES (214, 'bb', '127.0.0.1', '内网IP', 'Unknown', 'Unknown', '0', '登录成功', '2025-05-27 19:21:12');
INSERT INTO `sys_logininfor` VALUES (215, 'bb', '127.0.0.1', '内网IP', 'Unknown', 'Unknown', '0', '登录成功', '2025-05-27 19:48:58');
INSERT INTO `sys_logininfor` VALUES (216, 'bb', '127.0.0.1', '内网IP', 'Unknown', 'Unknown', '0', '登录成功', '2025-05-27 19:58:25');
INSERT INTO `sys_logininfor` VALUES (217, 'bb', '127.0.0.1', '内网IP', 'Unknown', 'Unknown', '0', '登录成功', '2025-05-27 20:04:44');
INSERT INTO `sys_logininfor` VALUES (218, 'bb', '127.0.0.1', '内网IP', 'Unknown', 'Unknown', '0', '登录成功', '2025-05-27 20:07:48');
INSERT INTO `sys_logininfor` VALUES (219, 'bb', '127.0.0.1', '内网IP', 'Unknown', 'Unknown', '0', '登录成功', '2025-05-27 20:09:40');
INSERT INTO `sys_logininfor` VALUES (220, 'bb', '127.0.0.1', '内网IP', 'Unknown', 'Unknown', '0', '登录成功', '2025-05-27 20:10:18');
INSERT INTO `sys_logininfor` VALUES (221, 'bb', '127.0.0.1', '内网IP', 'Unknown', 'Unknown', '0', '登录成功', '2025-05-27 20:16:26');
INSERT INTO `sys_logininfor` VALUES (222, 'bb', '127.0.0.1', '内网IP', 'Unknown', 'Unknown', '0', '登录成功', '2025-05-27 20:19:29');
INSERT INTO `sys_logininfor` VALUES (223, 'bb', '127.0.0.1', '内网IP', 'Unknown', 'Unknown', '0', '登录成功', '2025-05-27 20:23:00');
INSERT INTO `sys_logininfor` VALUES (224, 'bb', '127.0.0.1', '内网IP', 'Unknown', 'Unknown', '0', '登录成功', '2025-05-27 20:24:52');
INSERT INTO `sys_logininfor` VALUES (225, 'bb', '127.0.0.1', '内网IP', 'Unknown', 'Unknown', '0', '登录成功', '2025-05-27 20:25:20');
INSERT INTO `sys_logininfor` VALUES (226, 'bb', '127.0.0.1', '内网IP', 'Unknown', 'Unknown', '0', '登录成功', '2025-05-27 20:30:01');
INSERT INTO `sys_logininfor` VALUES (227, 'admin', '127.0.0.1', '内网IP', 'Chrome 13', 'Windows 10', '0', '登录成功', '2025-05-27 20:54:05');
INSERT INTO `sys_logininfor` VALUES (228, 'bb', '127.0.0.1', '内网IP', 'Unknown', 'Unknown', '0', '登录成功', '2025-05-27 22:19:33');

-- ----------------------------
-- Table structure for sys_menu
-- ----------------------------
DROP TABLE IF EXISTS `sys_menu`;
CREATE TABLE `sys_menu`  (
  `menu_id` bigint NOT NULL AUTO_INCREMENT COMMENT '菜单ID',
  `menu_name` varchar(50) CHARACTER SET utf8mb4 COLLATE utf8mb4_0900_ai_ci NOT NULL COMMENT '菜单名称',
  `parent_id` bigint NULL DEFAULT 0 COMMENT '父菜单ID',
  `order_num` int NULL DEFAULT 0 COMMENT '显示顺序',
  `path` varchar(200) CHARACTER SET utf8mb4 COLLATE utf8mb4_0900_ai_ci NULL DEFAULT '' COMMENT '路由地址',
  `component` varchar(255) CHARACTER SET utf8mb4 COLLATE utf8mb4_0900_ai_ci NULL DEFAULT NULL COMMENT '组件路径',
  `query` varchar(255) CHARACTER SET utf8mb4 COLLATE utf8mb4_0900_ai_ci NULL DEFAULT NULL COMMENT '路由参数',
  `route_name` varchar(50) CHARACTER SET utf8mb4 COLLATE utf8mb4_0900_ai_ci NULL DEFAULT '' COMMENT '路由名称',
  `is_frame` int NULL DEFAULT 1 COMMENT '是否为外链（0是 1否）',
  `is_cache` int NULL DEFAULT 0 COMMENT '是否缓存（0缓存 1不缓存）',
  `menu_type` char(1) CHARACTER SET utf8mb4 COLLATE utf8mb4_0900_ai_ci NULL DEFAULT '' COMMENT '菜单类型（M目录 C菜单 F按钮）',
  `visible` char(1) CHARACTER SET utf8mb4 COLLATE utf8mb4_0900_ai_ci NULL DEFAULT '0' COMMENT '菜单状态（0显示 1隐藏）',
  `status` char(1) CHARACTER SET utf8mb4 COLLATE utf8mb4_0900_ai_ci NULL DEFAULT '0' COMMENT '菜单状态（0正常 1停用）',
  `perms` varchar(100) CHARACTER SET utf8mb4 COLLATE utf8mb4_0900_ai_ci NULL DEFAULT NULL COMMENT '权限标识',
  `icon` varchar(100) CHARACTER SET utf8mb4 COLLATE utf8mb4_0900_ai_ci NULL DEFAULT '#' COMMENT '菜单图标',
  `create_by` varchar(64) CHARACTER SET utf8mb4 COLLATE utf8mb4_0900_ai_ci NULL DEFAULT '' COMMENT '创建者',
  `create_time` datetime NULL DEFAULT NULL COMMENT '创建时间',
  `update_by` varchar(64) CHARACTER SET utf8mb4 COLLATE utf8mb4_0900_ai_ci NULL DEFAULT '' COMMENT '更新者',
  `update_time` datetime NULL DEFAULT NULL COMMENT '更新时间',
  `remark` varchar(500) CHARACTER SET utf8mb4 COLLATE utf8mb4_0900_ai_ci NULL DEFAULT '' COMMENT '备注',
  PRIMARY KEY (`menu_id`) USING BTREE
) ENGINE = InnoDB AUTO_INCREMENT = 2095 CHARACTER SET = utf8mb4 COLLATE = utf8mb4_0900_ai_ci COMMENT = '菜单权限表' ROW_FORMAT = DYNAMIC;

-- ----------------------------
-- Records of sys_menu
-- ----------------------------
INSERT INTO `sys_menu` VALUES (1, '系统管理', 0, 4, 'system', NULL, '', '', 1, 0, 'M', '0', '0', '', 'system', 'admin', '2025-02-01 15:48:19', 'admin', '2025-02-13 05:38:12', '系统管理目录');
INSERT INTO `sys_menu` VALUES (2, '系统监控', 0, 6, 'monitor', NULL, '', '', 1, 0, 'M', '0', '0', '', 'monitor', 'admin', '2025-02-01 15:48:19', 'admin', '2025-02-13 05:38:51', '系统监控目录');
INSERT INTO `sys_menu` VALUES (3, '系统工具', 0, 5, 'tool', NULL, '', '', 1, 0, 'M', '0', '1', '', 'tool', 'admin', '2025-02-01 15:48:19', 'admin', '2025-05-27 22:28:37', '系统工具目录');
INSERT INTO `sys_menu` VALUES (4, '若依官网', 0, 40, 'http://ruoyi.vip', NULL, '', '', 0, 0, 'M', '1', '0', '', 'guide', 'admin', '2025-02-01 15:48:19', 'admin', '2025-02-13 05:38:35', '若依官网地址');
INSERT INTO `sys_menu` VALUES (100, '用户管理', 1, 1, 'user', 'system/user/index', '', '', 1, 0, 'C', '0', '0', 'system:user:list', 'user', 'admin', '2025-02-01 15:48:19', '', NULL, '用户管理菜单');
INSERT INTO `sys_menu` VALUES (101, '角色管理', 1, 2, 'role', 'system/role/index', '', '', 1, 0, 'C', '0', '0', 'system:role:list', 'peoples', 'admin', '2025-02-01 15:48:19', '', NULL, '角色管理菜单');
INSERT INTO `sys_menu` VALUES (102, '菜单管理', 1, 3, 'menu', 'system/menu/index', '', '', 1, 0, 'C', '0', '0', 'system:menu:list', 'tree-table', 'admin', '2025-02-01 15:48:19', '', NULL, '菜单管理菜单');
INSERT INTO `sys_menu` VALUES (103, '部门管理', 1, 4, 'dept', 'system/dept/index', '', '', 1, 0, 'C', '0', '1', 'system:dept:list', 'tree', 'admin', '2025-02-01 15:48:19', 'admin', '2025-02-13 20:18:40', '部门管理菜单');
INSERT INTO `sys_menu` VALUES (104, '岗位管理', 1, 5, 'post', 'system/post/index', '', '', 1, 0, 'C', '0', '1', 'system:post:list', 'post', 'admin', '2025-02-01 15:48:19', 'admin', '2025-02-13 20:18:47', '岗位管理菜单');
INSERT INTO `sys_menu` VALUES (105, '字典管理', 1, 6, 'dict', 'system/dict/index', '', '', 1, 0, 'C', '0', '0', 'system:dict:list', 'dict', 'admin', '2025-02-01 15:48:19', '', NULL, '字典管理菜单');
INSERT INTO `sys_menu` VALUES (106, '参数设置', 1, 7, 'config', 'system/config/index', '', '', 1, 0, 'C', '0', '0', 'system:config:list', 'edit', 'admin', '2025-02-01 15:48:19', '', NULL, '参数设置菜单');
INSERT INTO `sys_menu` VALUES (107, '通知公告', 1, 8, 'notice', 'system/notice/index', '', '', 1, 0, 'C', '0', '1', 'system:notice:list', 'message', 'admin', '2025-02-01 15:48:19', 'admin', '2025-05-27 22:39:49', '通知公告菜单');
INSERT INTO `sys_menu` VALUES (108, '日志管理', 1, 9, 'log', '', '', '', 1, 0, 'M', '0', '0', '', 'log', 'admin', '2025-02-01 15:48:19', '', NULL, '日志管理菜单');
INSERT INTO `sys_menu` VALUES (109, '在线用户', 2, 1, 'online', 'monitor/online/index', '', '', 1, 0, 'C', '0', '0', 'monitor:online:list', 'online', 'admin', '2025-02-01 15:48:19', '', NULL, '在线用户菜单');
INSERT INTO `sys_menu` VALUES (110, '定时任务', 2, 2, 'job', 'monitor/job/index', '', '', 1, 0, 'C', '0', '1', 'monitor:job:list', 'job', 'admin', '2025-02-01 15:48:19', 'admin', '2025-05-27 22:41:06', '定时任务菜单');
INSERT INTO `sys_menu` VALUES (111, '数据监控', 2, 3, 'druid', 'monitor/druid/index', '', '', 1, 0, 'C', '0', '1', 'monitor:druid:list', 'druid', 'admin', '2025-02-01 15:48:19', 'admin', '2025-05-27 22:41:11', '数据监控菜单');
INSERT INTO `sys_menu` VALUES (112, '服务监控', 2, 4, 'server', 'monitor/server/index', '', '', 1, 0, 'C', '0', '1', 'monitor:server:list', 'server', 'admin', '2025-02-01 15:48:19', 'admin', '2025-05-27 22:41:15', '服务监控菜单');
INSERT INTO `sys_menu` VALUES (113, '缓存监控', 2, 5, 'cache', 'monitor/cache/index', '', '', 1, 0, 'C', '0', '0', 'monitor:cache:list', 'redis', 'admin', '2025-02-01 15:48:19', '', NULL, '缓存监控菜单');
INSERT INTO `sys_menu` VALUES (114, '缓存列表', 2, 6, 'cacheList', 'monitor/cache/list', '', '', 1, 0, 'C', '0', '0', 'monitor:cache:list', 'redis-list', 'admin', '2025-02-01 15:48:19', '', NULL, '缓存列表菜单');
INSERT INTO `sys_menu` VALUES (115, '表单构建', 3, 1, 'build', 'tool/build/index', '', '', 1, 0, 'C', '0', '0', 'tool:build:list', 'build', 'admin', '2025-02-01 15:48:19', '', NULL, '表单构建菜单');
INSERT INTO `sys_menu` VALUES (116, '代码生成', 3, 2, 'gen', 'tool/gen/index', '', '', 1, 0, 'C', '0', '0', 'tool:gen:list', 'code', 'admin', '2025-02-01 15:48:19', '', NULL, '代码生成菜单');
INSERT INTO `sys_menu` VALUES (117, '系统接口', 3, 3, 'swagger', 'tool/swagger/index', '', '', 1, 0, 'C', '0', '0', 'tool:swagger:list', 'swagger', 'admin', '2025-02-01 15:48:19', '', NULL, '系统接口菜单');
INSERT INTO `sys_menu` VALUES (500, '操作日志', 108, 1, 'operlog', 'monitor/operlog/index', '', '', 1, 0, 'C', '0', '0', 'monitor:operlog:list', 'form', 'admin', '2025-02-01 15:48:19', '', NULL, '操作日志菜单');
INSERT INTO `sys_menu` VALUES (501, '登录日志', 108, 2, 'logininfor', 'monitor/logininfor/index', '', '', 1, 0, 'C', '0', '0', 'monitor:logininfor:list', 'logininfor', 'admin', '2025-02-01 15:48:19', '', NULL, '登录日志菜单');
INSERT INTO `sys_menu` VALUES (1000, '用户查询', 100, 1, '', '', '', '', 1, 0, 'F', '0', '0', 'system:user:query', '#', 'admin', '2025-02-01 15:48:19', '', NULL, '');
INSERT INTO `sys_menu` VALUES (1001, '用户新增', 100, 2, '', '', '', '', 1, 0, 'F', '0', '0', 'system:user:add', '#', 'admin', '2025-02-01 15:48:19', '', NULL, '');
INSERT INTO `sys_menu` VALUES (1002, '用户修改', 100, 3, '', '', '', '', 1, 0, 'F', '0', '0', 'system:user:edit', '#', 'admin', '2025-02-01 15:48:19', '', NULL, '');
INSERT INTO `sys_menu` VALUES (1003, '用户删除', 100, 4, '', '', '', '', 1, 0, 'F', '0', '0', 'system:user:remove', '#', 'admin', '2025-02-01 15:48:19', '', NULL, '');
INSERT INTO `sys_menu` VALUES (1004, '用户导出', 100, 5, '', '', '', '', 1, 0, 'F', '0', '0', 'system:user:export', '#', 'admin', '2025-02-01 15:48:19', '', NULL, '');
INSERT INTO `sys_menu` VALUES (1005, '用户导入', 100, 6, '', '', '', '', 1, 0, 'F', '0', '0', 'system:user:import', '#', 'admin', '2025-02-01 15:48:19', '', NULL, '');
INSERT INTO `sys_menu` VALUES (1006, '重置密码', 100, 7, '', '', '', '', 1, 0, 'F', '0', '0', 'system:user:resetPwd', '#', 'admin', '2025-02-01 15:48:19', '', NULL, '');
INSERT INTO `sys_menu` VALUES (1007, '角色查询', 101, 1, '', '', '', '', 1, 0, 'F', '0', '0', 'system:role:query', '#', 'admin', '2025-02-01 15:48:19', '', NULL, '');
INSERT INTO `sys_menu` VALUES (1008, '角色新增', 101, 2, '', '', '', '', 1, 0, 'F', '0', '0', 'system:role:add', '#', 'admin', '2025-02-01 15:48:19', '', NULL, '');
INSERT INTO `sys_menu` VALUES (1009, '角色修改', 101, 3, '', '', '', '', 1, 0, 'F', '0', '0', 'system:role:edit', '#', 'admin', '2025-02-01 15:48:19', '', NULL, '');
INSERT INTO `sys_menu` VALUES (1010, '角色删除', 101, 4, '', '', '', '', 1, 0, 'F', '0', '0', 'system:role:remove', '#', 'admin', '2025-02-01 15:48:19', '', NULL, '');
INSERT INTO `sys_menu` VALUES (1011, '角色导出', 101, 5, '', '', '', '', 1, 0, 'F', '0', '0', 'system:role:export', '#', 'admin', '2025-02-01 15:48:19', '', NULL, '');
INSERT INTO `sys_menu` VALUES (1012, '菜单查询', 102, 1, '', '', '', '', 1, 0, 'F', '0', '0', 'system:menu:query', '#', 'admin', '2025-02-01 15:48:19', '', NULL, '');
INSERT INTO `sys_menu` VALUES (1013, '菜单新增', 102, 2, '', '', '', '', 1, 0, 'F', '0', '0', 'system:menu:add', '#', 'admin', '2025-02-01 15:48:19', '', NULL, '');
INSERT INTO `sys_menu` VALUES (1014, '菜单修改', 102, 3, '', '', '', '', 1, 0, 'F', '0', '0', 'system:menu:edit', '#', 'admin', '2025-02-01 15:48:19', '', NULL, '');
INSERT INTO `sys_menu` VALUES (1015, '菜单删除', 102, 4, '', '', '', '', 1, 0, 'F', '0', '0', 'system:menu:remove', '#', 'admin', '2025-02-01 15:48:19', '', NULL, '');
INSERT INTO `sys_menu` VALUES (1016, '部门查询', 103, 1, '', '', '', '', 1, 0, 'F', '0', '0', 'system:dept:query', '#', 'admin', '2025-02-01 15:48:19', '', NULL, '');
INSERT INTO `sys_menu` VALUES (1017, '部门新增', 103, 2, '', '', '', '', 1, 0, 'F', '0', '0', 'system:dept:add', '#', 'admin', '2025-02-01 15:48:19', '', NULL, '');
INSERT INTO `sys_menu` VALUES (1018, '部门修改', 103, 3, '', '', '', '', 1, 0, 'F', '0', '0', 'system:dept:edit', '#', 'admin', '2025-02-01 15:48:19', '', NULL, '');
INSERT INTO `sys_menu` VALUES (1019, '部门删除', 103, 4, '', '', '', '', 1, 0, 'F', '0', '0', 'system:dept:remove', '#', 'admin', '2025-02-01 15:48:19', '', NULL, '');
INSERT INTO `sys_menu` VALUES (1020, '岗位查询', 104, 1, '', '', '', '', 1, 0, 'F', '0', '0', 'system:post:query', '#', 'admin', '2025-02-01 15:48:19', '', NULL, '');
INSERT INTO `sys_menu` VALUES (1021, '岗位新增', 104, 2, '', '', '', '', 1, 0, 'F', '0', '0', 'system:post:add', '#', 'admin', '2025-02-01 15:48:19', '', NULL, '');
INSERT INTO `sys_menu` VALUES (1022, '岗位修改', 104, 3, '', '', '', '', 1, 0, 'F', '0', '0', 'system:post:edit', '#', 'admin', '2025-02-01 15:48:19', '', NULL, '');
INSERT INTO `sys_menu` VALUES (1023, '岗位删除', 104, 4, '', '', '', '', 1, 0, 'F', '0', '0', 'system:post:remove', '#', 'admin', '2025-02-01 15:48:19', '', NULL, '');
INSERT INTO `sys_menu` VALUES (1024, '岗位导出', 104, 5, '', '', '', '', 1, 0, 'F', '0', '0', 'system:post:export', '#', 'admin', '2025-02-01 15:48:19', '', NULL, '');
INSERT INTO `sys_menu` VALUES (1025, '字典查询', 105, 1, '#', '', '', '', 1, 0, 'F', '0', '0', 'system:dict:query', '#', 'admin', '2025-02-01 15:48:19', '', NULL, '');
INSERT INTO `sys_menu` VALUES (1026, '字典新增', 105, 2, '#', '', '', '', 1, 0, 'F', '0', '0', 'system:dict:add', '#', 'admin', '2025-02-01 15:48:19', '', NULL, '');
INSERT INTO `sys_menu` VALUES (1027, '字典修改', 105, 3, '#', '', '', '', 1, 0, 'F', '0', '0', 'system:dict:edit', '#', 'admin', '2025-02-01 15:48:19', '', NULL, '');
INSERT INTO `sys_menu` VALUES (1028, '字典删除', 105, 4, '#', '', '', '', 1, 0, 'F', '0', '0', 'system:dict:remove', '#', 'admin', '2025-02-01 15:48:19', '', NULL, '');
INSERT INTO `sys_menu` VALUES (1029, '字典导出', 105, 5, '#', '', '', '', 1, 0, 'F', '0', '0', 'system:dict:export', '#', 'admin', '2025-02-01 15:48:19', '', NULL, '');
INSERT INTO `sys_menu` VALUES (1030, '参数查询', 106, 1, '#', '', '', '', 1, 0, 'F', '0', '0', 'system:config:query', '#', 'admin', '2025-02-01 15:48:19', '', NULL, '');
INSERT INTO `sys_menu` VALUES (1031, '参数新增', 106, 2, '#', '', '', '', 1, 0, 'F', '0', '0', 'system:config:add', '#', 'admin', '2025-02-01 15:48:19', '', NULL, '');
INSERT INTO `sys_menu` VALUES (1032, '参数修改', 106, 3, '#', '', '', '', 1, 0, 'F', '0', '0', 'system:config:edit', '#', 'admin', '2025-02-01 15:48:19', '', NULL, '');
INSERT INTO `sys_menu` VALUES (1033, '参数删除', 106, 4, '#', '', '', '', 1, 0, 'F', '0', '0', 'system:config:remove', '#', 'admin', '2025-02-01 15:48:19', '', NULL, '');
INSERT INTO `sys_menu` VALUES (1034, '参数导出', 106, 5, '#', '', '', '', 1, 0, 'F', '0', '0', 'system:config:export', '#', 'admin', '2025-02-01 15:48:19', '', NULL, '');
INSERT INTO `sys_menu` VALUES (1035, '公告查询', 107, 1, '#', '', '', '', 1, 0, 'F', '0', '0', 'system:notice:query', '#', 'admin', '2025-02-01 15:48:19', '', NULL, '');
INSERT INTO `sys_menu` VALUES (1036, '公告新增', 107, 2, '#', '', '', '', 1, 0, 'F', '0', '0', 'system:notice:add', '#', 'admin', '2025-02-01 15:48:19', '', NULL, '');
INSERT INTO `sys_menu` VALUES (1037, '公告修改', 107, 3, '#', '', '', '', 1, 0, 'F', '0', '0', 'system:notice:edit', '#', 'admin', '2025-02-01 15:48:19', '', NULL, '');
INSERT INTO `sys_menu` VALUES (1038, '公告删除', 107, 4, '#', '', '', '', 1, 0, 'F', '0', '0', 'system:notice:remove', '#', 'admin', '2025-02-01 15:48:19', '', NULL, '');
INSERT INTO `sys_menu` VALUES (1039, '操作查询', 500, 1, '#', '', '', '', 1, 0, 'F', '0', '0', 'monitor:operlog:query', '#', 'admin', '2025-02-01 15:48:19', '', NULL, '');
INSERT INTO `sys_menu` VALUES (1040, '操作删除', 500, 2, '#', '', '', '', 1, 0, 'F', '0', '0', 'monitor:operlog:remove', '#', 'admin', '2025-02-01 15:48:19', '', NULL, '');
INSERT INTO `sys_menu` VALUES (1041, '日志导出', 500, 3, '#', '', '', '', 1, 0, 'F', '0', '0', 'monitor:operlog:export', '#', 'admin', '2025-02-01 15:48:19', '', NULL, '');
INSERT INTO `sys_menu` VALUES (1042, '登录查询', 501, 1, '#', '', '', '', 1, 0, 'F', '0', '0', 'monitor:logininfor:query', '#', 'admin', '2025-02-01 15:48:19', '', NULL, '');
INSERT INTO `sys_menu` VALUES (1043, '登录删除', 501, 2, '#', '', '', '', 1, 0, 'F', '0', '0', 'monitor:logininfor:remove', '#', 'admin', '2025-02-01 15:48:19', '', NULL, '');
INSERT INTO `sys_menu` VALUES (1044, '日志导出', 501, 3, '#', '', '', '', 1, 0, 'F', '0', '0', 'monitor:logininfor:export', '#', 'admin', '2025-02-01 15:48:19', '', NULL, '');
INSERT INTO `sys_menu` VALUES (1045, '账户解锁', 501, 4, '#', '', '', '', 1, 0, 'F', '0', '0', 'monitor:logininfor:unlock', '#', 'admin', '2025-02-01 15:48:19', '', NULL, '');
INSERT INTO `sys_menu` VALUES (1046, '在线查询', 109, 1, '#', '', '', '', 1, 0, 'F', '0', '0', 'monitor:online:query', '#', 'admin', '2025-02-01 15:48:19', '', NULL, '');
INSERT INTO `sys_menu` VALUES (1047, '批量强退', 109, 2, '#', '', '', '', 1, 0, 'F', '0', '0', 'monitor:online:batchLogout', '#', 'admin', '2025-02-01 15:48:19', '', NULL, '');
INSERT INTO `sys_menu` VALUES (1048, '单条强退', 109, 3, '#', '', '', '', 1, 0, 'F', '0', '0', 'monitor:online:forceLogout', '#', 'admin', '2025-02-01 15:48:19', '', NULL, '');
INSERT INTO `sys_menu` VALUES (1049, '任务查询', 110, 1, '#', '', '', '', 1, 0, 'F', '0', '0', 'monitor:job:query', '#', 'admin', '2025-02-01 15:48:19', '', NULL, '');
INSERT INTO `sys_menu` VALUES (1050, '任务新增', 110, 2, '#', '', '', '', 1, 0, 'F', '0', '0', 'monitor:job:add', '#', 'admin', '2025-02-01 15:48:19', '', NULL, '');
INSERT INTO `sys_menu` VALUES (1051, '任务修改', 110, 3, '#', '', '', '', 1, 0, 'F', '0', '0', 'monitor:job:edit', '#', 'admin', '2025-02-01 15:48:19', '', NULL, '');
INSERT INTO `sys_menu` VALUES (1052, '任务删除', 110, 4, '#', '', '', '', 1, 0, 'F', '0', '0', 'monitor:job:remove', '#', 'admin', '2025-02-01 15:48:19', '', NULL, '');
INSERT INTO `sys_menu` VALUES (1053, '状态修改', 110, 5, '#', '', '', '', 1, 0, 'F', '0', '0', 'monitor:job:changeStatus', '#', 'admin', '2025-02-01 15:48:19', '', NULL, '');
INSERT INTO `sys_menu` VALUES (1054, '任务导出', 110, 6, '#', '', '', '', 1, 0, 'F', '0', '0', 'monitor:job:export', '#', 'admin', '2025-02-01 15:48:19', '', NULL, '');
INSERT INTO `sys_menu` VALUES (1055, '生成查询', 116, 1, '#', '', '', '', 1, 0, 'F', '0', '0', 'tool:gen:query', '#', 'admin', '2025-02-01 15:48:19', '', NULL, '');
INSERT INTO `sys_menu` VALUES (1056, '生成修改', 116, 2, '#', '', '', '', 1, 0, 'F', '0', '0', 'tool:gen:edit', '#', 'admin', '2025-02-01 15:48:19', '', NULL, '');
INSERT INTO `sys_menu` VALUES (1057, '生成删除', 116, 3, '#', '', '', '', 1, 0, 'F', '0', '0', 'tool:gen:remove', '#', 'admin', '2025-02-01 15:48:19', '', NULL, '');
INSERT INTO `sys_menu` VALUES (1058, '导入代码', 116, 4, '#', '', '', '', 1, 0, 'F', '0', '0', 'tool:gen:import', '#', 'admin', '2025-02-01 15:48:19', '', NULL, '');
INSERT INTO `sys_menu` VALUES (1059, '预览代码', 116, 5, '#', '', '', '', 1, 0, 'F', '0', '0', 'tool:gen:preview', '#', 'admin', '2025-02-01 15:48:19', '', NULL, '');
INSERT INTO `sys_menu` VALUES (1060, '生成代码', 116, 6, '#', '', '', '', 1, 0, 'F', '0', '0', 'tool:gen:code', '#', 'admin', '2025-02-01 15:48:19', '', NULL, '');
INSERT INTO `sys_menu` VALUES (2033, 'AI介绍', 0, 2, '/introduction', 'introduction/index', NULL, '', 1, 0, 'C', '0', '1', '', 'people', 'admin', '2025-05-05 02:12:23', 'admin', '2025-05-27 22:39:01', '');
INSERT INTO `sys_menu` VALUES (2034, 'AI管理', 0, 3, '/management', NULL, NULL, '', 1, 0, 'M', '0', '0', NULL, 'button', 'admin', '2025-05-05 02:13:33', '', NULL, '');
INSERT INTO `sys_menu` VALUES (2065, 'AI产品', 2034, 1, 'Product', 'Product/Product/index', NULL, '', 1, 0, 'C', '0', '0', 'Product:Product:list', '#', 'admin', '2025-05-05 02:40:03', '', NULL, '产品菜单');
INSERT INTO `sys_menu` VALUES (2066, 'AI产品查询', 2065, 1, '#', '', NULL, '', 1, 0, 'F', '0', '0', 'Product:Product:query', '#', 'admin', '2025-05-05 02:40:03', '', NULL, '');
INSERT INTO `sys_menu` VALUES (2067, 'AI产品新增', 2065, 2, '#', '', NULL, '', 1, 0, 'F', '0', '0', 'Product:Product:add', '#', 'admin', '2025-05-05 02:40:03', '', NULL, '');
INSERT INTO `sys_menu` VALUES (2068, 'AI产品修改', 2065, 3, '#', '', NULL, '', 1, 0, 'F', '0', '0', 'Product:Product:edit', '#', 'admin', '2025-05-05 02:40:03', '', NULL, '');
INSERT INTO `sys_menu` VALUES (2069, 'AI产品删除', 2065, 4, '#', '', NULL, '', 1, 0, 'F', '0', '0', 'Product:Product:remove', '#', 'admin', '2025-05-05 02:40:03', '', NULL, '');
INSERT INTO `sys_menu` VALUES (2070, 'AI产品导出', 2065, 5, '#', '', NULL, '', 1, 0, 'F', '0', '0', 'Product:Product:export', '#', 'admin', '2025-05-05 02:40:03', '', NULL, '');
INSERT INTO `sys_menu` VALUES (2077, '算法类型', 2034, 1, 'Algorithm', 'Algorithm/Algorithm/index', NULL, '', 1, 0, 'C', '0', '0', 'Algorithm:Algorithm:list', '#', 'admin', '2025-05-05 02:40:46', '', NULL, '算法类型菜单');
INSERT INTO `sys_menu` VALUES (2078, '算法类型查询', 2077, 1, '#', '', NULL, '', 1, 0, 'F', '0', '0', 'Algorithm:Algorithm:query', '#', 'admin', '2025-05-05 02:40:46', '', NULL, '');
INSERT INTO `sys_menu` VALUES (2079, '算法类型新增', 2077, 2, '#', '', NULL, '', 1, 0, 'F', '0', '0', 'Algorithm:Algorithm:add', '#', 'admin', '2025-05-05 02:40:46', '', NULL, '');
INSERT INTO `sys_menu` VALUES (2080, '算法类型修改', 2077, 3, '#', '', NULL, '', 1, 0, 'F', '0', '0', 'Algorithm:Algorithm:edit', '#', 'admin', '2025-05-05 02:40:46', '', NULL, '');
INSERT INTO `sys_menu` VALUES (2081, '算法类型删除', 2077, 4, '#', '', NULL, '', 1, 0, 'F', '0', '0', 'Algorithm:Algorithm:remove', '#', 'admin', '2025-05-05 02:40:46', '', NULL, '');
INSERT INTO `sys_menu` VALUES (2082, '算法类型导出', 2077, 5, '#', '', NULL, '', 1, 0, 'F', '0', '0', 'Algorithm:Algorithm:export', '#', 'admin', '2025-05-05 02:40:46', '', NULL, '');
INSERT INTO `sys_menu` VALUES (2083, '天梯排行', 0, 1, 'Player', 'Player/Player/index', NULL, '', 1, 0, 'C', '0', '0', 'Player:Player:list', 'chart', 'admin', '2025-05-05 02:48:15', 'admin', '2025-05-05 04:42:42', '玩家菜单');
INSERT INTO `sys_menu` VALUES (2084, '玩家查询', 2083, 1, '#', '', NULL, '', 1, 0, 'F', '0', '0', 'Player:Player:query', '#', 'admin', '2025-05-05 02:48:15', '', NULL, '');
INSERT INTO `sys_menu` VALUES (2088, '排行导出', 2083, 5, '#', '', NULL, '', 1, 0, 'F', '0', '0', 'Player:Player:export', '#', 'admin', '2025-05-05 02:48:15', 'admin', '2025-05-05 03:03:22', '');
INSERT INTO `sys_menu` VALUES (2089, '游戏类型', 2034, 1, 'GameType', 'GameType/GameType/index', NULL, '', 1, 0, 'C', '0', '0', 'GameType:GameType:list', '#', 'admin', '2025-05-05 02:48:18', '', NULL, '游戏类型菜单');
INSERT INTO `sys_menu` VALUES (2090, '游戏类型查询', 2089, 1, '#', '', NULL, '', 1, 0, 'F', '0', '0', 'GameType:GameType:query', '#', 'admin', '2025-05-05 02:48:18', '', NULL, '');
INSERT INTO `sys_menu` VALUES (2091, '游戏类型新增', 2089, 2, '#', '', NULL, '', 1, 0, 'F', '0', '0', 'GameType:GameType:add', '#', 'admin', '2025-05-05 02:48:18', '', NULL, '');
INSERT INTO `sys_menu` VALUES (2092, '游戏类型修改', 2089, 3, '#', '', NULL, '', 1, 0, 'F', '0', '0', 'GameType:GameType:edit', '#', 'admin', '2025-05-05 02:48:18', '', NULL, '');
INSERT INTO `sys_menu` VALUES (2093, '游戏类型删除', 2089, 4, '#', '', NULL, '', 1, 0, 'F', '0', '0', 'GameType:GameType:remove', '#', 'admin', '2025-05-05 02:48:18', '', NULL, '');
INSERT INTO `sys_menu` VALUES (2094, '游戏类型导出', 2089, 5, '#', '', NULL, '', 1, 0, 'F', '0', '0', 'GameType:GameType:export', '#', 'admin', '2025-05-05 02:48:18', '', NULL, '');

-- ----------------------------
-- Table structure for sys_notice
-- ----------------------------
DROP TABLE IF EXISTS `sys_notice`;
CREATE TABLE `sys_notice`  (
  `notice_id` int NOT NULL AUTO_INCREMENT COMMENT '公告ID',
  `notice_title` varchar(50) CHARACTER SET utf8mb4 COLLATE utf8mb4_0900_ai_ci NOT NULL COMMENT '公告标题',
  `notice_type` char(1) CHARACTER SET utf8mb4 COLLATE utf8mb4_0900_ai_ci NOT NULL COMMENT '公告类型（1通知 2公告）',
  `notice_content` longblob NULL COMMENT '公告内容',
  `status` char(1) CHARACTER SET utf8mb4 COLLATE utf8mb4_0900_ai_ci NULL DEFAULT '0' COMMENT '公告状态（0正常 1关闭）',
  `create_by` varchar(64) CHARACTER SET utf8mb4 COLLATE utf8mb4_0900_ai_ci NULL DEFAULT '' COMMENT '创建者',
  `create_time` datetime NULL DEFAULT NULL COMMENT '创建时间',
  `update_by` varchar(64) CHARACTER SET utf8mb4 COLLATE utf8mb4_0900_ai_ci NULL DEFAULT '' COMMENT '更新者',
  `update_time` datetime NULL DEFAULT NULL COMMENT '更新时间',
  `remark` varchar(255) CHARACTER SET utf8mb4 COLLATE utf8mb4_0900_ai_ci NULL DEFAULT NULL COMMENT '备注',
  PRIMARY KEY (`notice_id`) USING BTREE
) ENGINE = InnoDB AUTO_INCREMENT = 2 CHARACTER SET = utf8mb4 COLLATE = utf8mb4_0900_ai_ci COMMENT = '通知公告表' ROW_FORMAT = DYNAMIC;

-- ----------------------------
-- Records of sys_notice
-- ----------------------------
INSERT INTO `sys_notice` VALUES (1, '温馨提醒：2018-07-01 若依新版本发布啦', '2', 0xE696B0E78988E69CACE58685E5AEB9, '0', 'admin', '2025-02-01 15:48:19', '', NULL, '管理员');
INSERT INTO `sys_notice` VALUES (2, '维护通知：2018-07-01 若依系统凌晨维护', '1', 0xE7BBB4E68AA4E58685E5AEB9, '0', 'admin', '2025-02-01 15:48:19', '', NULL, '管理员');

-- ----------------------------
-- Table structure for sys_oper_log
-- ----------------------------
DROP TABLE IF EXISTS `sys_oper_log`;
CREATE TABLE `sys_oper_log`  (
  `oper_id` bigint NOT NULL AUTO_INCREMENT COMMENT '日志主键',
  `title` varchar(50) CHARACTER SET utf8mb4 COLLATE utf8mb4_0900_ai_ci NULL DEFAULT '' COMMENT '模块标题',
  `business_type` int NULL DEFAULT 0 COMMENT '业务类型（0其它 1新增 2修改 3删除）',
  `method` varchar(200) CHARACTER SET utf8mb4 COLLATE utf8mb4_0900_ai_ci NULL DEFAULT '' COMMENT '方法名称',
  `request_method` varchar(10) CHARACTER SET utf8mb4 COLLATE utf8mb4_0900_ai_ci NULL DEFAULT '' COMMENT '请求方式',
  `operator_type` int NULL DEFAULT 0 COMMENT '操作类别（0其它 1后台用户 2手机端用户）',
  `oper_name` varchar(50) CHARACTER SET utf8mb4 COLLATE utf8mb4_0900_ai_ci NULL DEFAULT '' COMMENT '操作人员',
  `dept_name` varchar(50) CHARACTER SET utf8mb4 COLLATE utf8mb4_0900_ai_ci NULL DEFAULT '' COMMENT '部门名称',
  `oper_url` varchar(255) CHARACTER SET utf8mb4 COLLATE utf8mb4_0900_ai_ci NULL DEFAULT '' COMMENT '请求URL',
  `oper_ip` varchar(128) CHARACTER SET utf8mb4 COLLATE utf8mb4_0900_ai_ci NULL DEFAULT '' COMMENT '主机地址',
  `oper_location` varchar(255) CHARACTER SET utf8mb4 COLLATE utf8mb4_0900_ai_ci NULL DEFAULT '' COMMENT '操作地点',
  `oper_param` varchar(2000) CHARACTER SET utf8mb4 COLLATE utf8mb4_0900_ai_ci NULL DEFAULT '' COMMENT '请求参数',
  `json_result` varchar(2000) CHARACTER SET utf8mb4 COLLATE utf8mb4_0900_ai_ci NULL DEFAULT '' COMMENT '返回参数',
  `status` int NULL DEFAULT 0 COMMENT '操作状态（0正常 1异常）',
  `error_msg` varchar(2000) CHARACTER SET utf8mb4 COLLATE utf8mb4_0900_ai_ci NULL DEFAULT '' COMMENT '错误消息',
  `oper_time` datetime NULL DEFAULT NULL COMMENT '操作时间',
  `cost_time` bigint NULL DEFAULT 0 COMMENT '消耗时间',
  PRIMARY KEY (`oper_id`) USING BTREE,
  INDEX `idx_sys_oper_log_bt`(`business_type` ASC) USING BTREE,
  INDEX `idx_sys_oper_log_s`(`status` ASC) USING BTREE,
  INDEX `idx_sys_oper_log_ot`(`oper_time` ASC) USING BTREE
) ENGINE = InnoDB AUTO_INCREMENT = 284 CHARACTER SET = utf8mb4 COLLATE = utf8mb4_0900_ai_ci COMMENT = '操作日志记录' ROW_FORMAT = DYNAMIC;

-- ----------------------------
-- Records of sys_oper_log
-- ----------------------------
INSERT INTO `sys_oper_log` VALUES (100, '菜单管理', 2, 'com.ruoyi.web.controller.system.SysMenuController.edit()', 'PUT', 1, 'admin', '研发部门', '/system/menu', '127.0.0.1', '内网IP', '{\"children\":[],\"createTime\":\"2025-02-01 15:48:19\",\"icon\":\"guide\",\"isCache\":\"0\",\"isFrame\":\"0\",\"menuId\":4,\"menuName\":\"若依官网\",\"menuType\":\"M\",\"orderNum\":4,\"params\":{},\"parentId\":0,\"path\":\"http://ruoyi.vip\",\"perms\":\"\",\"query\":\"\",\"routeName\":\"\",\"status\":\"0\",\"updateBy\":\"admin\",\"visible\":\"1\"}', '{\"msg\":\"操作成功\",\"code\":200}', 0, NULL, '2025-02-12 05:59:59', 26);
INSERT INTO `sys_oper_log` VALUES (101, '代码生成', 6, 'com.ruoyi.generator.controller.GenController.importTableSave()', 'POST', 1, 'admin', '研发部门', '/tool/gen/importTable', '127.0.0.1', '内网IP', '{\"tables\":\"record,player,ai_game,game_type,ai_type\"}', '{\"msg\":\"操作成功\",\"code\":200}', 0, NULL, '2025-02-13 01:07:36', 148);
INSERT INTO `sys_oper_log` VALUES (102, '代码生成', 2, 'com.ruoyi.generator.controller.GenController.editSave()', 'PUT', 1, 'admin', '研发部门', '/tool/gen', '127.0.0.1', '内网IP', '{\"businessName\":\"AIType\",\"className\":\"AiType\",\"columns\":[{\"capJavaField\":\"AiId\",\"columnComment\":\"AI类型的ID\",\"columnId\":7,\"columnName\":\"ai_id\",\"columnType\":\"int\",\"createBy\":\"admin\",\"createTime\":\"2025-02-13 01:07:36\",\"dictType\":\"\",\"edit\":false,\"htmlType\":\"input\",\"increment\":true,\"insert\":true,\"isIncrement\":\"1\",\"isInsert\":\"1\",\"isList\":\"1\",\"isPk\":\"1\",\"isQuery\":\"1\",\"isRequired\":\"0\",\"javaField\":\"aiId\",\"javaType\":\"Long\",\"list\":true,\"params\":{},\"pk\":true,\"query\":true,\"queryType\":\"EQ\",\"required\":false,\"sort\":1,\"superColumn\":false,\"tableId\":2,\"updateBy\":\"\",\"usableColumn\":false},{\"capJavaField\":\"AiName\",\"columnComment\":\"AI名称\",\"columnId\":8,\"columnName\":\"ai_name\",\"columnType\":\"varchar(200)\",\"createBy\":\"admin\",\"createTime\":\"2025-02-13 01:07:36\",\"dictType\":\"\",\"edit\":true,\"htmlType\":\"input\",\"increment\":false,\"insert\":true,\"isEdit\":\"1\",\"isIncrement\":\"0\",\"isInsert\":\"1\",\"isList\":\"1\",\"isPk\":\"0\",\"isQuery\":\"1\",\"isRequired\":\"1\",\"javaField\":\"aiName\",\"javaType\":\"String\",\"list\":true,\"params\":{},\"pk\":false,\"query\":true,\"queryType\":\"LIKE\",\"required\":true,\"sort\":2,\"superColumn\":false,\"tableId\":2,\"updateBy\":\"\",\"usableColumn\":false},{\"capJavaField\":\"AiIntroduction\",\"columnComment\":\"AI思想简介\",\"columnId\":9,\"columnName\":\"ai_introduction\",\"columnType\":\"varchar(500)\",\"createBy\":\"admin\",\"createTime\":\"2025-02-13 01:07:36\",\"dictType\":\"\",\"edit\":true,\"htmlType\":\"textarea\",\"increment\":false,\"insert\":true,\"isEdit\":\"1\",\"isIncrement\":\"0\",\"isInsert\":\"1\",\"isList\":\"1\",\"isPk\":\"0\",\"isQuery\":\"1\",\"isRequired\":\"0\",\"javaField\":\"aiIntroduction\",\"javaType\":\"String\",\"list\":true,\"params\":{},\"pk\":false,\"query\":true,\"queryType\":\"EQ\",\"required\":false,\"sort\":3,\"superColumn\":false,\"tableId\":2,\"updateBy\":\"\",\"usableColumn\":false}],\"crud\":false,\"functionAuthor\":\"Cassifa\",\"functionName\":\"AI类型\",\"genPath\":\"/\",\"genType\":\"0\",\"moduleName\":\"AISys\",\"options\":\"{}\",\"packageName\":\"com.ruoyi.AISys\",\"params\":{},\"sub\":true,\"subTableFkName\":\"ai_type_id\",\"subTableName\":\"ai_game\",\"tableComment\":\"AI类型表\",\"tableId\":2,\"tableName\":\"ai_type\",\"tplCategory\":\"', '{\"msg\":\"操作成功\",\"code\":200}', 0, NULL, '2025-02-13 01:15:11', 22);
INSERT INTO `sys_oper_log` VALUES (103, '菜单管理', 1, 'com.ruoyi.web.controller.system.SysMenuController.add()', 'POST', 1, 'admin', '研发部门', '/system/menu', '127.0.0.1', '内网IP', '{\"children\":[],\"createBy\":\"admin\",\"icon\":\"people\",\"isCache\":\"0\",\"isFrame\":\"1\",\"menuName\":\"AI介绍\",\"menuType\":\"M\",\"orderNum\":4,\"params\":{},\"parentId\":0,\"path\":\"AIInfo\",\"status\":\"0\",\"visible\":\"0\"}', '{\"msg\":\"操作成功\",\"code\":200}', 0, NULL, '2025-02-13 01:18:03', 10);
INSERT INTO `sys_oper_log` VALUES (104, '菜单管理', 1, 'com.ruoyi.web.controller.system.SysMenuController.add()', 'POST', 1, 'admin', '研发部门', '/system/menu', '127.0.0.1', '内网IP', '{\"children\":[],\"createBy\":\"admin\",\"icon\":\"build\",\"isCache\":\"0\",\"isFrame\":\"1\",\"menuName\":\"AI管理\",\"menuType\":\"M\",\"orderNum\":4,\"params\":{},\"parentId\":0,\"path\":\"AISys\",\"status\":\"0\",\"visible\":\"0\"}', '{\"msg\":\"操作成功\",\"code\":200}', 0, NULL, '2025-02-13 01:19:12', 19);
INSERT INTO `sys_oper_log` VALUES (105, '菜单管理', 1, 'com.ruoyi.web.controller.system.SysMenuController.add()', 'POST', 1, 'admin', '研发部门', '/system/menu', '127.0.0.1', '内网IP', '{\"children\":[],\"createBy\":\"admin\",\"icon\":\"build\",\"isCache\":\"0\",\"isFrame\":\"1\",\"menuName\":\"对战记录\",\"menuType\":\"M\",\"orderNum\":4,\"params\":{},\"parentId\":0,\"path\":\"recordSys\",\"status\":\"0\",\"visible\":\"0\"}', '{\"msg\":\"操作成功\",\"code\":200}', 0, NULL, '2025-02-13 01:20:09', 10);
INSERT INTO `sys_oper_log` VALUES (106, '菜单管理', 2, 'com.ruoyi.web.controller.system.SysMenuController.edit()', 'PUT', 1, 'admin', '研发部门', '/system/menu', '127.0.0.1', '内网IP', '{\"children\":[],\"createTime\":\"2025-02-13 01:19:12\",\"icon\":\"build\",\"isCache\":\"0\",\"isFrame\":\"1\",\"menuId\":2001,\"menuName\":\"AI管理\",\"menuType\":\"M\",\"orderNum\":5,\"params\":{},\"parentId\":0,\"path\":\"AISys\",\"perms\":\"\",\"routeName\":\"\",\"status\":\"0\",\"updateBy\":\"admin\",\"visible\":\"0\"}', '{\"msg\":\"操作成功\",\"code\":200}', 0, NULL, '2025-02-13 01:20:20', 14);
INSERT INTO `sys_oper_log` VALUES (107, '菜单管理', 2, 'com.ruoyi.web.controller.system.SysMenuController.edit()', 'PUT', 1, 'admin', '研发部门', '/system/menu', '127.0.0.1', '内网IP', '{\"children\":[],\"createTime\":\"2025-02-13 01:18:03\",\"icon\":\"people\",\"isCache\":\"0\",\"isFrame\":\"1\",\"menuId\":2000,\"menuName\":\"AI介绍\",\"menuType\":\"M\",\"orderNum\":6,\"params\":{},\"parentId\":0,\"path\":\"AIInfo\",\"perms\":\"\",\"routeName\":\"\",\"status\":\"0\",\"updateBy\":\"admin\",\"visible\":\"0\"}', '{\"msg\":\"操作成功\",\"code\":200}', 0, NULL, '2025-02-13 01:20:25', 17);
INSERT INTO `sys_oper_log` VALUES (108, '代码生成', 2, 'com.ruoyi.generator.controller.GenController.editSave()', 'PUT', 1, 'admin', '研发部门', '/tool/gen', '127.0.0.1', '内网IP', '{\"businessName\":\"AIType\",\"className\":\"AiType\",\"columns\":[{\"capJavaField\":\"AiId\",\"columnComment\":\"AI类型的ID\",\"columnId\":7,\"columnName\":\"ai_id\",\"columnType\":\"int\",\"createBy\":\"admin\",\"createTime\":\"2025-02-13 01:07:36\",\"dictType\":\"\",\"edit\":false,\"htmlType\":\"input\",\"increment\":true,\"insert\":true,\"isIncrement\":\"1\",\"isInsert\":\"1\",\"isList\":\"1\",\"isPk\":\"1\",\"isQuery\":\"1\",\"isRequired\":\"0\",\"javaField\":\"aiId\",\"javaType\":\"Long\",\"list\":true,\"params\":{},\"pk\":true,\"query\":true,\"queryType\":\"EQ\",\"required\":false,\"sort\":1,\"superColumn\":false,\"tableId\":2,\"updateBy\":\"\",\"updateTime\":\"2025-02-13 01:15:11\",\"usableColumn\":false},{\"capJavaField\":\"AiName\",\"columnComment\":\"AI名称\",\"columnId\":8,\"columnName\":\"ai_name\",\"columnType\":\"varchar(200)\",\"createBy\":\"admin\",\"createTime\":\"2025-02-13 01:07:36\",\"dictType\":\"\",\"edit\":true,\"htmlType\":\"input\",\"increment\":false,\"insert\":true,\"isEdit\":\"1\",\"isIncrement\":\"0\",\"isInsert\":\"1\",\"isList\":\"1\",\"isPk\":\"0\",\"isQuery\":\"1\",\"isRequired\":\"1\",\"javaField\":\"aiName\",\"javaType\":\"String\",\"list\":true,\"params\":{},\"pk\":false,\"query\":true,\"queryType\":\"LIKE\",\"required\":true,\"sort\":2,\"superColumn\":false,\"tableId\":2,\"updateBy\":\"\",\"updateTime\":\"2025-02-13 01:15:11\",\"usableColumn\":false},{\"capJavaField\":\"AiIntroduction\",\"columnComment\":\"AI思想简介\",\"columnId\":9,\"columnName\":\"ai_introduction\",\"columnType\":\"varchar(500)\",\"createBy\":\"admin\",\"createTime\":\"2025-02-13 01:07:36\",\"dictType\":\"\",\"edit\":true,\"htmlType\":\"textarea\",\"increment\":false,\"insert\":true,\"isEdit\":\"1\",\"isIncrement\":\"0\",\"isInsert\":\"1\",\"isList\":\"1\",\"isPk\":\"0\",\"isQuery\":\"1\",\"isRequired\":\"0\",\"javaField\":\"aiIntroduction\",\"javaType\":\"String\",\"list\":true,\"params\":{},\"pk\":false,\"query\":true,\"queryType\":\"EQ\",\"required\":false,\"sort\":3,\"superColumn\":false,\"tableId\":2,\"updateBy\":\"\",\"updateTime\":\"2025-02-13 01:15:11\",\"usableColumn\":false}],\"crud\":false,\"functionAuthor\":\"Cassifa\",\"functionName\":\"AI类型\",\"genPath\":\"/\",\"genType\":\"0\",\"moduleName\":\"AISys\",\"options\":\"{\\\"parentMenuId\\\":2001}\",\"packageName\":\"com.ruoyi.AISys\",\"params\":{\"parentMenuId\"', '{\"msg\":\"操作成功\",\"code\":200}', 0, NULL, '2025-02-13 01:20:59', 12);
INSERT INTO `sys_oper_log` VALUES (109, '代码生成', 2, 'com.ruoyi.generator.controller.GenController.editSave()', 'PUT', 1, 'admin', '研发部门', '/tool/gen', '127.0.0.1', '内网IP', '{\"businessName\":\"AIType\",\"className\":\"AiType\",\"columns\":[{\"capJavaField\":\"AiId\",\"columnComment\":\"AI类型的ID\",\"columnId\":7,\"columnName\":\"ai_id\",\"columnType\":\"int\",\"createBy\":\"admin\",\"createTime\":\"2025-02-13 01:07:36\",\"dictType\":\"\",\"edit\":false,\"htmlType\":\"input\",\"increment\":true,\"insert\":true,\"isIncrement\":\"1\",\"isInsert\":\"1\",\"isList\":\"1\",\"isPk\":\"1\",\"isQuery\":\"1\",\"isRequired\":\"0\",\"javaField\":\"aiId\",\"javaType\":\"Long\",\"list\":true,\"params\":{},\"pk\":true,\"query\":true,\"queryType\":\"EQ\",\"required\":false,\"sort\":1,\"superColumn\":false,\"tableId\":2,\"updateBy\":\"\",\"updateTime\":\"2025-02-13 01:20:59\",\"usableColumn\":false},{\"capJavaField\":\"AiName\",\"columnComment\":\"AI名称\",\"columnId\":8,\"columnName\":\"ai_name\",\"columnType\":\"varchar(200)\",\"createBy\":\"admin\",\"createTime\":\"2025-02-13 01:07:36\",\"dictType\":\"\",\"edit\":true,\"htmlType\":\"input\",\"increment\":false,\"insert\":true,\"isEdit\":\"1\",\"isIncrement\":\"0\",\"isInsert\":\"1\",\"isList\":\"1\",\"isPk\":\"0\",\"isQuery\":\"1\",\"isRequired\":\"1\",\"javaField\":\"aiName\",\"javaType\":\"String\",\"list\":true,\"params\":{},\"pk\":false,\"query\":true,\"queryType\":\"LIKE\",\"required\":true,\"sort\":2,\"superColumn\":false,\"tableId\":2,\"updateBy\":\"\",\"updateTime\":\"2025-02-13 01:20:59\",\"usableColumn\":false},{\"capJavaField\":\"AiIntroduction\",\"columnComment\":\"AI思想简介\",\"columnId\":9,\"columnName\":\"ai_introduction\",\"columnType\":\"varchar(500)\",\"createBy\":\"admin\",\"createTime\":\"2025-02-13 01:07:36\",\"dictType\":\"\",\"edit\":true,\"htmlType\":\"textarea\",\"increment\":false,\"insert\":true,\"isEdit\":\"1\",\"isIncrement\":\"0\",\"isInsert\":\"1\",\"isList\":\"1\",\"isPk\":\"0\",\"isQuery\":\"1\",\"isRequired\":\"0\",\"javaField\":\"aiIntroduction\",\"javaType\":\"String\",\"list\":true,\"params\":{},\"pk\":false,\"query\":true,\"queryType\":\"EQ\",\"required\":false,\"sort\":3,\"superColumn\":false,\"tableId\":2,\"updateBy\":\"\",\"updateTime\":\"2025-02-13 01:20:59\",\"usableColumn\":false}],\"crud\":false,\"functionAuthor\":\"Cassifa\",\"functionName\":\"AI类型\",\"genPath\":\"/\",\"genType\":\"0\",\"moduleName\":\"AISys\",\"options\":\"{\\\"parentMenuId\\\":2001}\",\"packageName\":\"com.ruoyi.AISys\",\"params\":{\"parentMenuId\"', '{\"msg\":\"操作成功\",\"code\":200}', 0, NULL, '2025-02-13 01:22:56', 24);
INSERT INTO `sys_oper_log` VALUES (110, '代码生成', 2, 'com.ruoyi.generator.controller.GenController.editSave()', 'PUT', 1, 'admin', '研发部门', '/tool/gen', '127.0.0.1', '内网IP', '{\"businessName\":\"AIProduct\",\"className\":\"AiGame\",\"columns\":[{\"capJavaField\":\"Id\",\"columnId\":1,\"columnName\":\"id\",\"columnType\":\"int\",\"createBy\":\"admin\",\"createTime\":\"2025-02-13 01:07:36\",\"dictType\":\"\",\"edit\":false,\"htmlType\":\"input\",\"increment\":true,\"insert\":true,\"isIncrement\":\"1\",\"isInsert\":\"1\",\"isList\":\"1\",\"isPk\":\"1\",\"isRequired\":\"0\",\"javaField\":\"id\",\"javaType\":\"Long\",\"list\":true,\"params\":{},\"pk\":true,\"query\":false,\"queryType\":\"EQ\",\"required\":false,\"sort\":1,\"superColumn\":false,\"tableId\":1,\"updateBy\":\"\",\"usableColumn\":false},{\"capJavaField\":\"AiTypeId\",\"columnComment\":\"AI类别外键\",\"columnId\":2,\"columnName\":\"ai_type_id\",\"columnType\":\"int\",\"createBy\":\"admin\",\"createTime\":\"2025-02-13 01:07:36\",\"dictType\":\"\",\"edit\":true,\"htmlType\":\"input\",\"increment\":false,\"insert\":true,\"isEdit\":\"1\",\"isIncrement\":\"0\",\"isInsert\":\"1\",\"isList\":\"1\",\"isPk\":\"0\",\"isQuery\":\"1\",\"isRequired\":\"1\",\"javaField\":\"aiTypeId\",\"javaType\":\"Long\",\"list\":true,\"params\":{},\"pk\":false,\"query\":true,\"queryType\":\"EQ\",\"required\":true,\"sort\":2,\"superColumn\":false,\"tableId\":1,\"updateBy\":\"\",\"usableColumn\":false},{\"capJavaField\":\"GameTypeId\",\"columnComment\":\"Game类型外键\",\"columnId\":3,\"columnName\":\"game_type_id\",\"columnType\":\"int\",\"createBy\":\"admin\",\"createTime\":\"2025-02-13 01:07:36\",\"dictType\":\"\",\"edit\":true,\"htmlType\":\"input\",\"increment\":false,\"insert\":true,\"isEdit\":\"1\",\"isIncrement\":\"0\",\"isInsert\":\"1\",\"isList\":\"1\",\"isPk\":\"0\",\"isQuery\":\"1\",\"isRequired\":\"1\",\"javaField\":\"gameTypeId\",\"javaType\":\"Long\",\"list\":true,\"params\":{},\"pk\":false,\"query\":true,\"queryType\":\"EQ\",\"required\":true,\"sort\":3,\"superColumn\":false,\"tableId\":1,\"updateBy\":\"\",\"usableColumn\":false},{\"capJavaField\":\"Level\",\"columnComment\":\"难度等级\",\"columnId\":4,\"columnName\":\"level\",\"columnType\":\"int\",\"createBy\":\"admin\",\"createTime\":\"2025-02-13 01:07:36\",\"dictType\":\"\",\"edit\":true,\"htmlType\":\"input\",\"increment\":false,\"insert\":true,\"isEdit\":\"1\",\"isIncrement\":\"0\",\"isInsert\":\"1\",\"isList\":\"1\",\"isPk\":\"0\",\"isQuery\":\"1\",\"isRequired\":\"1\",\"javaField\":\"level\",\"javaType\":\"Long\",\"list\":tru', '{\"msg\":\"操作成功\",\"code\":200}', 0, NULL, '2025-02-13 01:25:44', 26);
INSERT INTO `sys_oper_log` VALUES (111, '字典类型', 1, 'com.ruoyi.web.controller.system.SysDictTypeController.add()', 'POST', 1, 'admin', '研发部门', '/system/dict/type', '127.0.0.1', '内网IP', '{\"createBy\":\"admin\",\"dictName\":\"游戏类别\",\"dictType\":\"game_type\",\"params\":{},\"remark\":\"系统支持的游戏类别\",\"status\":\"0\"}', '{\"msg\":\"操作成功\",\"code\":200}', 0, NULL, '2025-02-13 01:27:06', 27);
INSERT INTO `sys_oper_log` VALUES (112, '字典类型', 1, 'com.ruoyi.web.controller.system.SysDictTypeController.add()', 'POST', 1, 'admin', '研发部门', '/system/dict/type', '127.0.0.1', '内网IP', '{\"createBy\":\"admin\",\"dictName\":\"AI类别\",\"dictType\":\"ai_type\",\"params\":{},\"remark\":\"系统支持的AI类别\",\"status\":\"0\"}', '{\"msg\":\"操作成功\",\"code\":200}', 0, NULL, '2025-02-13 01:27:48', 16);
INSERT INTO `sys_oper_log` VALUES (113, '代码生成', 2, 'com.ruoyi.generator.controller.GenController.editSave()', 'PUT', 1, 'admin', '研发部门', '/tool/gen', '127.0.0.1', '内网IP', '{\"businessName\":\"AIProduct\",\"className\":\"AiGame\",\"columns\":[{\"capJavaField\":\"Id\",\"columnId\":1,\"columnName\":\"id\",\"columnType\":\"int\",\"createBy\":\"admin\",\"createTime\":\"2025-02-13 01:07:36\",\"dictType\":\"\",\"edit\":false,\"htmlType\":\"input\",\"increment\":true,\"insert\":true,\"isIncrement\":\"1\",\"isInsert\":\"1\",\"isList\":\"1\",\"isPk\":\"1\",\"isRequired\":\"0\",\"javaField\":\"id\",\"javaType\":\"Long\",\"list\":true,\"params\":{},\"pk\":true,\"query\":false,\"queryType\":\"EQ\",\"required\":false,\"sort\":1,\"superColumn\":false,\"tableId\":1,\"updateBy\":\"\",\"updateTime\":\"2025-02-13 01:25:44\",\"usableColumn\":false},{\"capJavaField\":\"AiTypeId\",\"columnComment\":\"AI类别外键\",\"columnId\":2,\"columnName\":\"ai_type_id\",\"columnType\":\"int\",\"createBy\":\"admin\",\"createTime\":\"2025-02-13 01:07:36\",\"dictType\":\"ai_type\",\"edit\":true,\"htmlType\":\"input\",\"increment\":false,\"insert\":true,\"isEdit\":\"1\",\"isIncrement\":\"0\",\"isInsert\":\"1\",\"isList\":\"1\",\"isPk\":\"0\",\"isQuery\":\"1\",\"isRequired\":\"1\",\"javaField\":\"aiTypeId\",\"javaType\":\"Long\",\"list\":true,\"params\":{},\"pk\":false,\"query\":true,\"queryType\":\"EQ\",\"required\":true,\"sort\":2,\"superColumn\":false,\"tableId\":1,\"updateBy\":\"\",\"updateTime\":\"2025-02-13 01:25:44\",\"usableColumn\":false},{\"capJavaField\":\"GameTypeId\",\"columnComment\":\"Game类型外键\",\"columnId\":3,\"columnName\":\"game_type_id\",\"columnType\":\"int\",\"createBy\":\"admin\",\"createTime\":\"2025-02-13 01:07:36\",\"dictType\":\"game_type\",\"edit\":true,\"htmlType\":\"input\",\"increment\":false,\"insert\":true,\"isEdit\":\"1\",\"isIncrement\":\"0\",\"isInsert\":\"1\",\"isList\":\"1\",\"isPk\":\"0\",\"isQuery\":\"1\",\"isRequired\":\"1\",\"javaField\":\"gameTypeId\",\"javaType\":\"Long\",\"list\":true,\"params\":{},\"pk\":false,\"query\":true,\"queryType\":\"EQ\",\"required\":true,\"sort\":3,\"superColumn\":false,\"tableId\":1,\"updateBy\":\"\",\"updateTime\":\"2025-02-13 01:25:44\",\"usableColumn\":false},{\"capJavaField\":\"Level\",\"columnComment\":\"难度等级\",\"columnId\":4,\"columnName\":\"level\",\"columnType\":\"int\",\"createBy\":\"admin\",\"createTime\":\"2025-02-13 01:07:36\",\"dictType\":\"\",\"edit\":true,\"htmlType\":\"input\",\"increment\":false,\"insert\":true,\"isEdit\":\"1\",\"isIncrement\":\"', '{\"msg\":\"操作成功\",\"code\":200}', 0, NULL, '2025-02-13 01:28:47', 25);
INSERT INTO `sys_oper_log` VALUES (114, '代码生成', 2, 'com.ruoyi.generator.controller.GenController.editSave()', 'PUT', 1, 'admin', '研发部门', '/tool/gen', '127.0.0.1', '内网IP', '{\"businessName\":\"gameType\",\"className\":\"GameType\",\"columns\":[{\"capJavaField\":\"GameId\",\"columnId\":10,\"columnName\":\"game_id\",\"columnType\":\"int\",\"createBy\":\"admin\",\"createTime\":\"2025-02-13 01:07:36\",\"dictType\":\"\",\"edit\":false,\"htmlType\":\"input\",\"increment\":true,\"insert\":true,\"isIncrement\":\"1\",\"isInsert\":\"1\",\"isPk\":\"1\",\"isRequired\":\"0\",\"javaField\":\"gameId\",\"javaType\":\"Long\",\"list\":false,\"params\":{},\"pk\":true,\"query\":false,\"queryType\":\"EQ\",\"required\":false,\"sort\":1,\"superColumn\":false,\"tableId\":3,\"updateBy\":\"\",\"usableColumn\":false},{\"capJavaField\":\"GameName\",\"columnId\":11,\"columnName\":\"game_name\",\"columnType\":\"varchar(200)\",\"createBy\":\"admin\",\"createTime\":\"2025-02-13 01:07:36\",\"dictType\":\"\",\"edit\":true,\"htmlType\":\"input\",\"increment\":false,\"insert\":true,\"isEdit\":\"1\",\"isIncrement\":\"0\",\"isInsert\":\"1\",\"isList\":\"1\",\"isPk\":\"0\",\"isQuery\":\"1\",\"isRequired\":\"1\",\"javaField\":\"gameName\",\"javaType\":\"String\",\"list\":true,\"params\":{},\"pk\":false,\"query\":true,\"queryType\":\"LIKE\",\"required\":true,\"sort\":2,\"superColumn\":false,\"tableId\":3,\"updateBy\":\"\",\"usableColumn\":false},{\"capJavaField\":\"GameIntroduction\",\"columnComment\":\"游戏规则简介\",\"columnId\":12,\"columnName\":\"game_introduction\",\"columnType\":\"varchar(500)\",\"createBy\":\"admin\",\"createTime\":\"2025-02-13 01:07:36\",\"dictType\":\"\",\"edit\":true,\"htmlType\":\"textarea\",\"increment\":false,\"insert\":true,\"isEdit\":\"1\",\"isIncrement\":\"0\",\"isInsert\":\"1\",\"isList\":\"1\",\"isPk\":\"0\",\"isQuery\":\"0\",\"isRequired\":\"0\",\"javaField\":\"gameIntroduction\",\"javaType\":\"String\",\"list\":true,\"params\":{},\"pk\":false,\"query\":false,\"queryType\":\"EQ\",\"required\":false,\"sort\":3,\"superColumn\":false,\"tableId\":3,\"updateBy\":\"\",\"usableColumn\":false},{\"capJavaField\":\"GameRule\",\"columnComment\":\"游戏规则\",\"columnId\":13,\"columnName\":\"game_rule\",\"columnType\":\"varchar(5000)\",\"createBy\":\"admin\",\"createTime\":\"2025-02-13 01:07:36\",\"dictType\":\"\",\"edit\":true,\"htmlType\":\"textarea\",\"increment\":false,\"insert\":true,\"isEdit\":\"1\",\"isIncrement\":\"0\",\"isInsert\":\"1\",\"isList\":\"1\",\"isPk\":\"0\",\"isQuery\":\"0\",\"isRequired\":\"0\",\"jav', '{\"msg\":\"操作成功\",\"code\":200}', 0, NULL, '2025-02-13 01:33:39', 19);
INSERT INTO `sys_oper_log` VALUES (115, '代码生成', 2, 'com.ruoyi.generator.controller.GenController.editSave()', 'PUT', 1, 'admin', '研发部门', '/tool/gen', '127.0.0.1', '内网IP', '{\"businessName\":\"AIProduct\",\"className\":\"AiGame\",\"columns\":[{\"capJavaField\":\"Id\",\"columnId\":1,\"columnName\":\"id\",\"columnType\":\"int\",\"createBy\":\"admin\",\"createTime\":\"2025-02-13 01:07:36\",\"dictType\":\"\",\"edit\":false,\"htmlType\":\"input\",\"increment\":true,\"insert\":false,\"isIncrement\":\"1\",\"isInsert\":\"0\",\"isList\":\"1\",\"isPk\":\"1\",\"isRequired\":\"0\",\"javaField\":\"id\",\"javaType\":\"Long\",\"list\":true,\"params\":{},\"pk\":true,\"query\":false,\"queryType\":\"EQ\",\"required\":false,\"sort\":1,\"superColumn\":false,\"tableId\":1,\"updateBy\":\"\",\"updateTime\":\"2025-02-13 01:28:47\",\"usableColumn\":false},{\"capJavaField\":\"AiTypeId\",\"columnComment\":\"AI类别外键\",\"columnId\":2,\"columnName\":\"ai_type_id\",\"columnType\":\"int\",\"createBy\":\"admin\",\"createTime\":\"2025-02-13 01:07:36\",\"dictType\":\"ai_type\",\"edit\":true,\"htmlType\":\"input\",\"increment\":false,\"insert\":true,\"isEdit\":\"1\",\"isIncrement\":\"0\",\"isInsert\":\"1\",\"isList\":\"1\",\"isPk\":\"0\",\"isQuery\":\"1\",\"isRequired\":\"1\",\"javaField\":\"aiTypeId\",\"javaType\":\"Long\",\"list\":true,\"params\":{},\"pk\":false,\"query\":true,\"queryType\":\"EQ\",\"required\":true,\"sort\":2,\"superColumn\":false,\"tableId\":1,\"updateBy\":\"\",\"updateTime\":\"2025-02-13 01:28:47\",\"usableColumn\":false},{\"capJavaField\":\"GameTypeId\",\"columnComment\":\"Game类型外键\",\"columnId\":3,\"columnName\":\"game_type_id\",\"columnType\":\"int\",\"createBy\":\"admin\",\"createTime\":\"2025-02-13 01:07:36\",\"dictType\":\"game_type\",\"edit\":true,\"htmlType\":\"input\",\"increment\":false,\"insert\":true,\"isEdit\":\"1\",\"isIncrement\":\"0\",\"isInsert\":\"1\",\"isList\":\"1\",\"isPk\":\"0\",\"isQuery\":\"1\",\"isRequired\":\"1\",\"javaField\":\"gameTypeId\",\"javaType\":\"Long\",\"list\":true,\"params\":{},\"pk\":false,\"query\":true,\"queryType\":\"EQ\",\"required\":true,\"sort\":3,\"superColumn\":false,\"tableId\":1,\"updateBy\":\"\",\"updateTime\":\"2025-02-13 01:28:47\",\"usableColumn\":false},{\"capJavaField\":\"Level\",\"columnComment\":\"难度等级\",\"columnId\":4,\"columnName\":\"level\",\"columnType\":\"int\",\"createBy\":\"admin\",\"createTime\":\"2025-02-13 01:07:36\",\"dictType\":\"\",\"edit\":true,\"htmlType\":\"input\",\"increment\":false,\"insert\":true,\"isEdit\":\"1\",\"isIncrement\":', '{\"msg\":\"操作成功\",\"code\":200}', 0, NULL, '2025-02-13 01:42:45', 8);
INSERT INTO `sys_oper_log` VALUES (116, '代码生成', 2, 'com.ruoyi.generator.controller.GenController.editSave()', 'PUT', 1, 'admin', '研发部门', '/tool/gen', '127.0.0.1', '内网IP', '{\"businessName\":\"gameType\",\"className\":\"GameType\",\"columns\":[{\"capJavaField\":\"GameId\",\"columnId\":10,\"columnName\":\"game_id\",\"columnType\":\"int\",\"createBy\":\"admin\",\"createTime\":\"2025-02-13 01:07:36\",\"dictType\":\"\",\"edit\":false,\"htmlType\":\"input\",\"increment\":true,\"insert\":false,\"isIncrement\":\"1\",\"isInsert\":\"0\",\"isList\":\"1\",\"isPk\":\"1\",\"isRequired\":\"0\",\"javaField\":\"gameId\",\"javaType\":\"Long\",\"list\":true,\"params\":{},\"pk\":true,\"query\":false,\"queryType\":\"EQ\",\"required\":false,\"sort\":1,\"superColumn\":false,\"tableId\":3,\"updateBy\":\"\",\"updateTime\":\"2025-02-13 01:33:39\",\"usableColumn\":false},{\"capJavaField\":\"GameName\",\"columnId\":11,\"columnName\":\"game_name\",\"columnType\":\"varchar(200)\",\"createBy\":\"admin\",\"createTime\":\"2025-02-13 01:07:36\",\"dictType\":\"\",\"edit\":true,\"htmlType\":\"input\",\"increment\":false,\"insert\":true,\"isEdit\":\"1\",\"isIncrement\":\"0\",\"isInsert\":\"1\",\"isList\":\"1\",\"isPk\":\"0\",\"isQuery\":\"1\",\"isRequired\":\"1\",\"javaField\":\"gameName\",\"javaType\":\"String\",\"list\":true,\"params\":{},\"pk\":false,\"query\":true,\"queryType\":\"LIKE\",\"required\":true,\"sort\":2,\"superColumn\":false,\"tableId\":3,\"updateBy\":\"\",\"updateTime\":\"2025-02-13 01:33:39\",\"usableColumn\":false},{\"capJavaField\":\"GameIntroduction\",\"columnComment\":\"游戏规则简介\",\"columnId\":12,\"columnName\":\"game_introduction\",\"columnType\":\"varchar(500)\",\"createBy\":\"admin\",\"createTime\":\"2025-02-13 01:07:36\",\"dictType\":\"\",\"edit\":true,\"htmlType\":\"textarea\",\"increment\":false,\"insert\":true,\"isEdit\":\"1\",\"isIncrement\":\"0\",\"isInsert\":\"1\",\"isList\":\"1\",\"isPk\":\"0\",\"isQuery\":\"0\",\"isRequired\":\"0\",\"javaField\":\"gameIntroduction\",\"javaType\":\"String\",\"list\":true,\"params\":{},\"pk\":false,\"query\":false,\"queryType\":\"EQ\",\"required\":false,\"sort\":3,\"superColumn\":false,\"tableId\":3,\"updateBy\":\"\",\"updateTime\":\"2025-02-13 01:33:39\",\"usableColumn\":false},{\"capJavaField\":\"GameRule\",\"columnComment\":\"游戏规则\",\"columnId\":13,\"columnName\":\"game_rule\",\"columnType\":\"varchar(5000)\",\"createBy\":\"admin\",\"createTime\":\"2025-02-13 01:07:36\",\"dictType\":\"\",\"edit\":true,\"htmlType\":\"textarea\",\"increment\":false,\"', '{\"msg\":\"操作成功\",\"code\":200}', 0, NULL, '2025-02-13 01:43:27', 15);
INSERT INTO `sys_oper_log` VALUES (117, '代码生成', 2, 'com.ruoyi.generator.controller.GenController.editSave()', 'PUT', 1, 'admin', '研发部门', '/tool/gen', '127.0.0.1', '内网IP', '{\"businessName\":\"gameType\",\"className\":\"GameType\",\"columns\":[{\"capJavaField\":\"GameId\",\"columnId\":10,\"columnName\":\"game_id\",\"columnType\":\"int\",\"createBy\":\"admin\",\"createTime\":\"2025-02-13 01:07:36\",\"dictType\":\"\",\"edit\":false,\"htmlType\":\"input\",\"increment\":true,\"insert\":false,\"isIncrement\":\"1\",\"isInsert\":\"0\",\"isList\":\"1\",\"isPk\":\"1\",\"isRequired\":\"0\",\"javaField\":\"gameId\",\"javaType\":\"Long\",\"list\":true,\"params\":{},\"pk\":true,\"query\":false,\"queryType\":\"EQ\",\"required\":false,\"sort\":1,\"superColumn\":false,\"tableId\":3,\"updateBy\":\"\",\"updateTime\":\"2025-02-13 01:43:27\",\"usableColumn\":false},{\"capJavaField\":\"GameName\",\"columnId\":11,\"columnName\":\"game_name\",\"columnType\":\"varchar(200)\",\"createBy\":\"admin\",\"createTime\":\"2025-02-13 01:07:36\",\"dictType\":\"\",\"edit\":true,\"htmlType\":\"input\",\"increment\":false,\"insert\":true,\"isEdit\":\"1\",\"isIncrement\":\"0\",\"isInsert\":\"1\",\"isList\":\"1\",\"isPk\":\"0\",\"isQuery\":\"1\",\"isRequired\":\"1\",\"javaField\":\"gameName\",\"javaType\":\"String\",\"list\":true,\"params\":{},\"pk\":false,\"query\":true,\"queryType\":\"LIKE\",\"required\":true,\"sort\":2,\"superColumn\":false,\"tableId\":3,\"updateBy\":\"\",\"updateTime\":\"2025-02-13 01:43:27\",\"usableColumn\":false},{\"capJavaField\":\"GameIntroduction\",\"columnComment\":\"游戏规则简介\",\"columnId\":12,\"columnName\":\"game_introduction\",\"columnType\":\"varchar(500)\",\"createBy\":\"admin\",\"createTime\":\"2025-02-13 01:07:36\",\"dictType\":\"\",\"edit\":true,\"htmlType\":\"textarea\",\"increment\":false,\"insert\":true,\"isEdit\":\"1\",\"isIncrement\":\"0\",\"isInsert\":\"1\",\"isList\":\"1\",\"isPk\":\"0\",\"isQuery\":\"0\",\"isRequired\":\"0\",\"javaField\":\"gameIntroduction\",\"javaType\":\"String\",\"list\":true,\"params\":{},\"pk\":false,\"query\":false,\"queryType\":\"EQ\",\"required\":false,\"sort\":3,\"superColumn\":false,\"tableId\":3,\"updateBy\":\"\",\"updateTime\":\"2025-02-13 01:43:27\",\"usableColumn\":false},{\"capJavaField\":\"GameRule\",\"columnComment\":\"游戏规则\",\"columnId\":13,\"columnName\":\"game_rule\",\"columnType\":\"varchar(5000)\",\"createBy\":\"admin\",\"createTime\":\"2025-02-13 01:07:36\",\"dictType\":\"\",\"edit\":true,\"htmlType\":\"textarea\",\"increment\":false,\"', '{\"msg\":\"操作成功\",\"code\":200}', 0, NULL, '2025-02-13 01:47:36', 14);
INSERT INTO `sys_oper_log` VALUES (118, '代码生成', 2, 'com.ruoyi.generator.controller.GenController.editSave()', 'PUT', 1, 'admin', '研发部门', '/tool/gen', '127.0.0.1', '内网IP', '{\"businessName\":\"AIProduct\",\"className\":\"AiGame\",\"columns\":[{\"capJavaField\":\"Id\",\"columnId\":1,\"columnName\":\"id\",\"columnType\":\"int\",\"createBy\":\"admin\",\"createTime\":\"2025-02-13 01:07:36\",\"dictType\":\"\",\"edit\":false,\"htmlType\":\"input\",\"increment\":true,\"insert\":false,\"isIncrement\":\"1\",\"isInsert\":\"0\",\"isList\":\"1\",\"isPk\":\"1\",\"isRequired\":\"0\",\"javaField\":\"id\",\"javaType\":\"Long\",\"list\":true,\"params\":{},\"pk\":true,\"query\":false,\"queryType\":\"EQ\",\"required\":false,\"sort\":1,\"superColumn\":false,\"tableId\":1,\"updateBy\":\"\",\"updateTime\":\"2025-02-13 01:42:45\",\"usableColumn\":false},{\"capJavaField\":\"AiTypeId\",\"columnComment\":\"AI类别外键\",\"columnId\":2,\"columnName\":\"ai_type_id\",\"columnType\":\"int\",\"createBy\":\"admin\",\"createTime\":\"2025-02-13 01:07:36\",\"dictType\":\"ai_type\",\"edit\":true,\"htmlType\":\"input\",\"increment\":false,\"insert\":true,\"isEdit\":\"1\",\"isIncrement\":\"0\",\"isInsert\":\"1\",\"isList\":\"1\",\"isPk\":\"0\",\"isQuery\":\"1\",\"isRequired\":\"1\",\"javaField\":\"aiTypeId\",\"javaType\":\"Long\",\"list\":true,\"params\":{},\"pk\":false,\"query\":true,\"queryType\":\"EQ\",\"required\":true,\"sort\":2,\"superColumn\":false,\"tableId\":1,\"updateBy\":\"\",\"updateTime\":\"2025-02-13 01:42:45\",\"usableColumn\":false},{\"capJavaField\":\"GameTypeId\",\"columnComment\":\"Game类型外键\",\"columnId\":3,\"columnName\":\"game_type_id\",\"columnType\":\"int\",\"createBy\":\"admin\",\"createTime\":\"2025-02-13 01:07:36\",\"dictType\":\"game_type\",\"edit\":true,\"htmlType\":\"input\",\"increment\":false,\"insert\":true,\"isEdit\":\"1\",\"isIncrement\":\"0\",\"isInsert\":\"1\",\"isList\":\"1\",\"isPk\":\"0\",\"isQuery\":\"1\",\"isRequired\":\"1\",\"javaField\":\"gameTypeId\",\"javaType\":\"Long\",\"list\":true,\"params\":{},\"pk\":false,\"query\":true,\"queryType\":\"EQ\",\"required\":true,\"sort\":3,\"superColumn\":false,\"tableId\":1,\"updateBy\":\"\",\"updateTime\":\"2025-02-13 01:42:45\",\"usableColumn\":false},{\"capJavaField\":\"Level\",\"columnComment\":\"难度等级\",\"columnId\":4,\"columnName\":\"level\",\"columnType\":\"int\",\"createBy\":\"admin\",\"createTime\":\"2025-02-13 01:07:36\",\"dictType\":\"\",\"edit\":true,\"htmlType\":\"input\",\"increment\":false,\"insert\":true,\"isEdit\":\"1\",\"isIncrement\":', '{\"msg\":\"操作成功\",\"code\":200}', 0, NULL, '2025-02-13 01:47:40', 10);
INSERT INTO `sys_oper_log` VALUES (119, '代码生成', 2, 'com.ruoyi.generator.controller.GenController.editSave()', 'PUT', 1, 'admin', '研发部门', '/tool/gen', '127.0.0.1', '内网IP', '{\"businessName\":\"AIType\",\"className\":\"AiType\",\"columns\":[{\"capJavaField\":\"AiId\",\"columnComment\":\"AI类型的ID\",\"columnId\":7,\"columnName\":\"ai_id\",\"columnType\":\"int\",\"createBy\":\"admin\",\"createTime\":\"2025-02-13 01:07:36\",\"dictType\":\"\",\"edit\":false,\"htmlType\":\"input\",\"increment\":true,\"insert\":true,\"isIncrement\":\"1\",\"isInsert\":\"1\",\"isList\":\"1\",\"isPk\":\"1\",\"isQuery\":\"1\",\"isRequired\":\"0\",\"javaField\":\"aiId\",\"javaType\":\"Long\",\"list\":true,\"params\":{},\"pk\":true,\"query\":true,\"queryType\":\"EQ\",\"required\":false,\"sort\":1,\"superColumn\":false,\"tableId\":2,\"updateBy\":\"\",\"updateTime\":\"2025-02-13 01:22:56\",\"usableColumn\":false},{\"capJavaField\":\"AiName\",\"columnComment\":\"AI名称\",\"columnId\":8,\"columnName\":\"ai_name\",\"columnType\":\"varchar(200)\",\"createBy\":\"admin\",\"createTime\":\"2025-02-13 01:07:36\",\"dictType\":\"\",\"edit\":true,\"htmlType\":\"input\",\"increment\":false,\"insert\":true,\"isEdit\":\"1\",\"isIncrement\":\"0\",\"isInsert\":\"1\",\"isList\":\"1\",\"isPk\":\"0\",\"isQuery\":\"1\",\"isRequired\":\"1\",\"javaField\":\"aiName\",\"javaType\":\"String\",\"list\":true,\"params\":{},\"pk\":false,\"query\":true,\"queryType\":\"LIKE\",\"required\":true,\"sort\":2,\"superColumn\":false,\"tableId\":2,\"updateBy\":\"\",\"updateTime\":\"2025-02-13 01:22:56\",\"usableColumn\":false},{\"capJavaField\":\"AiIntroduction\",\"columnComment\":\"AI思想简介\",\"columnId\":9,\"columnName\":\"ai_introduction\",\"columnType\":\"varchar(500)\",\"createBy\":\"admin\",\"createTime\":\"2025-02-13 01:07:36\",\"dictType\":\"\",\"edit\":true,\"htmlType\":\"textarea\",\"increment\":false,\"insert\":true,\"isEdit\":\"1\",\"isIncrement\":\"0\",\"isInsert\":\"1\",\"isList\":\"1\",\"isPk\":\"0\",\"isQuery\":\"1\",\"isRequired\":\"0\",\"javaField\":\"aiIntroduction\",\"javaType\":\"String\",\"list\":true,\"params\":{},\"pk\":false,\"query\":true,\"queryType\":\"EQ\",\"required\":false,\"sort\":3,\"superColumn\":false,\"tableId\":2,\"updateBy\":\"\",\"updateTime\":\"2025-02-13 01:22:56\",\"usableColumn\":false}],\"crud\":false,\"functionAuthor\":\"Cassifa\",\"functionName\":\"AI类型\",\"genPath\":\"/\",\"genType\":\"0\",\"moduleName\":\"AISys\",\"options\":\"{\\\"parentMenuId\\\":2001}\",\"packageName\":\"com.ruoyi.AISys\",\"params\":{\"parentMenuId\"', '{\"msg\":\"操作成功\",\"code\":200}', 0, NULL, '2025-02-13 01:47:43', 18);
INSERT INTO `sys_oper_log` VALUES (120, '代码生成', 8, 'com.ruoyi.generator.controller.GenController.batchGenCode()', 'GET', 1, 'admin', '研发部门', '/tool/gen/batchGenCode', '127.0.0.1', '内网IP', '{\"tables\":\"ai_game,ai_type,game_type\"}', NULL, 0, NULL, '2025-02-13 01:50:02', 100);
INSERT INTO `sys_oper_log` VALUES (121, '代码生成', 2, 'com.ruoyi.generator.controller.GenController.editSave()', 'PUT', 1, 'admin', '研发部门', '/tool/gen', '127.0.0.1', '内网IP', '{\"businessName\":\"AIProduct\",\"className\":\"AiGame\",\"columns\":[{\"capJavaField\":\"Id\",\"columnComment\":\"编号\",\"columnId\":1,\"columnName\":\"id\",\"columnType\":\"int\",\"createBy\":\"admin\",\"createTime\":\"2025-02-13 01:07:36\",\"dictType\":\"\",\"edit\":false,\"htmlType\":\"input\",\"increment\":true,\"insert\":false,\"isIncrement\":\"1\",\"isInsert\":\"0\",\"isList\":\"1\",\"isPk\":\"1\",\"isRequired\":\"0\",\"javaField\":\"id\",\"javaType\":\"Long\",\"list\":true,\"params\":{},\"pk\":true,\"query\":false,\"queryType\":\"EQ\",\"required\":false,\"sort\":1,\"superColumn\":false,\"tableId\":1,\"updateBy\":\"\",\"updateTime\":\"2025-02-13 01:47:40\",\"usableColumn\":false},{\"capJavaField\":\"AITypeId\",\"columnComment\":\"AI类别\",\"columnId\":2,\"columnName\":\"ai_type_id\",\"columnType\":\"int\",\"createBy\":\"admin\",\"createTime\":\"2025-02-13 01:07:36\",\"dictType\":\"ai_type\",\"edit\":true,\"htmlType\":\"input\",\"increment\":false,\"insert\":true,\"isEdit\":\"1\",\"isIncrement\":\"0\",\"isInsert\":\"1\",\"isList\":\"1\",\"isPk\":\"0\",\"isQuery\":\"1\",\"isRequired\":\"1\",\"javaField\":\"AITypeId\",\"javaType\":\"Long\",\"list\":true,\"params\":{},\"pk\":false,\"query\":true,\"queryType\":\"EQ\",\"required\":true,\"sort\":2,\"superColumn\":false,\"tableId\":1,\"updateBy\":\"\",\"updateTime\":\"2025-02-13 01:47:40\",\"usableColumn\":false},{\"capJavaField\":\"GameTypeId\",\"columnComment\":\"游戏类别\",\"columnId\":3,\"columnName\":\"game_type_id\",\"columnType\":\"int\",\"createBy\":\"admin\",\"createTime\":\"2025-02-13 01:07:36\",\"dictType\":\"game_type\",\"edit\":true,\"htmlType\":\"input\",\"increment\":false,\"insert\":true,\"isEdit\":\"1\",\"isIncrement\":\"0\",\"isInsert\":\"1\",\"isList\":\"1\",\"isPk\":\"0\",\"isQuery\":\"1\",\"isRequired\":\"1\",\"javaField\":\"gameTypeId\",\"javaType\":\"Long\",\"list\":true,\"params\":{},\"pk\":false,\"query\":true,\"queryType\":\"EQ\",\"required\":true,\"sort\":3,\"superColumn\":false,\"tableId\":1,\"updateBy\":\"\",\"updateTime\":\"2025-02-13 01:47:40\",\"usableColumn\":false},{\"capJavaField\":\"Level\",\"columnComment\":\"难度\",\"columnId\":4,\"columnName\":\"level\",\"columnType\":\"int\",\"createBy\":\"admin\",\"createTime\":\"2025-02-13 01:07:36\",\"dictType\":\"\",\"edit\":true,\"htmlType\":\"input\",\"increment\":false,\"insert\":true,\"isEdit\":\"1\",\"', '{\"msg\":\"操作成功\",\"code\":200}', 0, NULL, '2025-02-13 02:24:20', 49);
INSERT INTO `sys_oper_log` VALUES (122, '代码生成', 2, 'com.ruoyi.generator.controller.GenController.editSave()', 'PUT', 1, 'admin', '研发部门', '/tool/gen', '127.0.0.1', '内网IP', '{\"businessName\":\"AIType\",\"className\":\"AiType\",\"columns\":[{\"capJavaField\":\"AiId\",\"columnComment\":\"AI类型的ID\",\"columnId\":7,\"columnName\":\"ai_id\",\"columnType\":\"int\",\"createBy\":\"admin\",\"createTime\":\"2025-02-13 01:07:36\",\"dictType\":\"\",\"edit\":false,\"htmlType\":\"input\",\"increment\":true,\"insert\":true,\"isIncrement\":\"1\",\"isInsert\":\"1\",\"isList\":\"1\",\"isPk\":\"1\",\"isQuery\":\"1\",\"isRequired\":\"0\",\"javaField\":\"aiId\",\"javaType\":\"Long\",\"list\":true,\"params\":{},\"pk\":true,\"query\":true,\"queryType\":\"EQ\",\"required\":false,\"sort\":1,\"superColumn\":false,\"tableId\":2,\"updateBy\":\"\",\"updateTime\":\"2025-02-13 01:47:43\",\"usableColumn\":false},{\"capJavaField\":\"AiName\",\"columnComment\":\"AI名称\",\"columnId\":8,\"columnName\":\"ai_name\",\"columnType\":\"varchar(200)\",\"createBy\":\"admin\",\"createTime\":\"2025-02-13 01:07:36\",\"dictType\":\"\",\"edit\":true,\"htmlType\":\"input\",\"increment\":false,\"insert\":true,\"isEdit\":\"1\",\"isIncrement\":\"0\",\"isInsert\":\"1\",\"isList\":\"1\",\"isPk\":\"0\",\"isQuery\":\"1\",\"isRequired\":\"1\",\"javaField\":\"aiName\",\"javaType\":\"String\",\"list\":true,\"params\":{},\"pk\":false,\"query\":true,\"queryType\":\"LIKE\",\"required\":true,\"sort\":2,\"superColumn\":false,\"tableId\":2,\"updateBy\":\"\",\"updateTime\":\"2025-02-13 01:47:43\",\"usableColumn\":false},{\"capJavaField\":\"AiIntroduction\",\"columnComment\":\"AI思想简介\",\"columnId\":9,\"columnName\":\"ai_introduction\",\"columnType\":\"varchar(500)\",\"createBy\":\"admin\",\"createTime\":\"2025-02-13 01:07:36\",\"dictType\":\"\",\"edit\":true,\"htmlType\":\"textarea\",\"increment\":false,\"insert\":true,\"isEdit\":\"1\",\"isIncrement\":\"0\",\"isInsert\":\"1\",\"isList\":\"1\",\"isPk\":\"0\",\"isQuery\":\"1\",\"isRequired\":\"0\",\"javaField\":\"aiIntroduction\",\"javaType\":\"String\",\"list\":true,\"params\":{},\"pk\":false,\"query\":true,\"queryType\":\"EQ\",\"required\":false,\"sort\":3,\"superColumn\":false,\"tableId\":2,\"updateBy\":\"\",\"updateTime\":\"2025-02-13 01:47:43\",\"usableColumn\":false}],\"crud\":false,\"functionAuthor\":\"Cassifa\",\"functionName\":\"AI类型\",\"genPath\":\"/\",\"genType\":\"0\",\"moduleName\":\"AISys\",\"options\":\"{\\\"parentMenuId\\\":2001}\",\"packageName\":\"com.ruoyi.AISys\",\"params\":{\"parentMenuId\"', '{\"msg\":\"操作成功\",\"code\":200}', 0, NULL, '2025-02-13 02:24:25', 10);
INSERT INTO `sys_oper_log` VALUES (123, '代码生成', 2, 'com.ruoyi.generator.controller.GenController.editSave()', 'PUT', 1, 'admin', '研发部门', '/tool/gen', '127.0.0.1', '内网IP', '{\"businessName\":\"gameType\",\"className\":\"GameType\",\"columns\":[{\"capJavaField\":\"GameId\",\"columnComment\":\"游戏编号\",\"columnId\":10,\"columnName\":\"game_id\",\"columnType\":\"int\",\"createBy\":\"admin\",\"createTime\":\"2025-02-13 01:07:36\",\"dictType\":\"\",\"edit\":false,\"htmlType\":\"input\",\"increment\":true,\"insert\":false,\"isIncrement\":\"1\",\"isInsert\":\"0\",\"isList\":\"1\",\"isPk\":\"1\",\"isRequired\":\"0\",\"javaField\":\"gameId\",\"javaType\":\"Long\",\"list\":true,\"params\":{},\"pk\":true,\"query\":false,\"queryType\":\"EQ\",\"required\":false,\"sort\":1,\"superColumn\":false,\"tableId\":3,\"updateBy\":\"\",\"updateTime\":\"2025-02-13 01:47:36\",\"usableColumn\":false},{\"capJavaField\":\"GameName\",\"columnComment\":\"游戏名\",\"columnId\":11,\"columnName\":\"game_name\",\"columnType\":\"varchar(200)\",\"createBy\":\"admin\",\"createTime\":\"2025-02-13 01:07:36\",\"dictType\":\"\",\"edit\":true,\"htmlType\":\"input\",\"increment\":false,\"insert\":true,\"isEdit\":\"1\",\"isIncrement\":\"0\",\"isInsert\":\"1\",\"isList\":\"1\",\"isPk\":\"0\",\"isQuery\":\"1\",\"isRequired\":\"1\",\"javaField\":\"gameName\",\"javaType\":\"String\",\"list\":true,\"params\":{},\"pk\":false,\"query\":true,\"queryType\":\"LIKE\",\"required\":true,\"sort\":2,\"superColumn\":false,\"tableId\":3,\"updateBy\":\"\",\"updateTime\":\"2025-02-13 01:47:36\",\"usableColumn\":false},{\"capJavaField\":\"GameIntroduction\",\"columnComment\":\"规则简介\",\"columnId\":12,\"columnName\":\"game_introduction\",\"columnType\":\"varchar(500)\",\"createBy\":\"admin\",\"createTime\":\"2025-02-13 01:07:36\",\"dictType\":\"\",\"edit\":true,\"htmlType\":\"textarea\",\"increment\":false,\"insert\":true,\"isEdit\":\"1\",\"isIncrement\":\"0\",\"isInsert\":\"1\",\"isList\":\"1\",\"isPk\":\"0\",\"isQuery\":\"0\",\"isRequired\":\"0\",\"javaField\":\"gameIntroduction\",\"javaType\":\"String\",\"list\":true,\"params\":{},\"pk\":false,\"query\":false,\"queryType\":\"EQ\",\"required\":false,\"sort\":3,\"superColumn\":false,\"tableId\":3,\"updateBy\":\"\",\"updateTime\":\"2025-02-13 01:47:36\",\"usableColumn\":false},{\"capJavaField\":\"GameRule\",\"columnComment\":\"规则\",\"columnId\":13,\"columnName\":\"game_rule\",\"columnType\":\"varchar(5000)\",\"createBy\":\"admin\",\"createTime\":\"2025-02-13 01:07:36\",\"dictType\":\"\",\"edit\":true,', '{\"msg\":\"操作成功\",\"code\":200}', 0, NULL, '2025-02-13 02:25:11', 15);
INSERT INTO `sys_oper_log` VALUES (124, '代码生成', 2, 'com.ruoyi.generator.controller.GenController.editSave()', 'PUT', 1, 'admin', '研发部门', '/tool/gen', '127.0.0.1', '内网IP', '{\"businessName\":\"AIType\",\"className\":\"AiType\",\"columns\":[{\"capJavaField\":\"AiId\",\"columnComment\":\"AI编号\",\"columnId\":7,\"columnName\":\"ai_id\",\"columnType\":\"int\",\"createBy\":\"admin\",\"createTime\":\"2025-02-13 01:07:36\",\"dictType\":\"\",\"edit\":false,\"htmlType\":\"input\",\"increment\":true,\"insert\":true,\"isIncrement\":\"1\",\"isInsert\":\"1\",\"isList\":\"1\",\"isPk\":\"1\",\"isQuery\":\"1\",\"isRequired\":\"0\",\"javaField\":\"aiId\",\"javaType\":\"Long\",\"list\":true,\"params\":{},\"pk\":true,\"query\":true,\"queryType\":\"EQ\",\"required\":false,\"sort\":1,\"superColumn\":false,\"tableId\":2,\"updateBy\":\"\",\"updateTime\":\"2025-02-13 02:24:25\",\"usableColumn\":false},{\"capJavaField\":\"AiName\",\"columnComment\":\"AI名称\",\"columnId\":8,\"columnName\":\"ai_name\",\"columnType\":\"varchar(200)\",\"createBy\":\"admin\",\"createTime\":\"2025-02-13 01:07:36\",\"dictType\":\"\",\"edit\":true,\"htmlType\":\"input\",\"increment\":false,\"insert\":true,\"isEdit\":\"1\",\"isIncrement\":\"0\",\"isInsert\":\"1\",\"isList\":\"1\",\"isPk\":\"0\",\"isQuery\":\"1\",\"isRequired\":\"1\",\"javaField\":\"aiName\",\"javaType\":\"String\",\"list\":true,\"params\":{},\"pk\":false,\"query\":true,\"queryType\":\"LIKE\",\"required\":true,\"sort\":2,\"superColumn\":false,\"tableId\":2,\"updateBy\":\"\",\"updateTime\":\"2025-02-13 02:24:25\",\"usableColumn\":false},{\"capJavaField\":\"AiIntroduction\",\"columnComment\":\"AI简介\",\"columnId\":9,\"columnName\":\"ai_introduction\",\"columnType\":\"varchar(500)\",\"createBy\":\"admin\",\"createTime\":\"2025-02-13 01:07:36\",\"dictType\":\"\",\"edit\":true,\"htmlType\":\"textarea\",\"increment\":false,\"insert\":true,\"isEdit\":\"1\",\"isIncrement\":\"0\",\"isInsert\":\"1\",\"isList\":\"1\",\"isPk\":\"0\",\"isQuery\":\"1\",\"isRequired\":\"0\",\"javaField\":\"aiIntroduction\",\"javaType\":\"String\",\"list\":true,\"params\":{},\"pk\":false,\"query\":true,\"queryType\":\"EQ\",\"required\":false,\"sort\":3,\"superColumn\":false,\"tableId\":2,\"updateBy\":\"\",\"updateTime\":\"2025-02-13 02:24:25\",\"usableColumn\":false}],\"crud\":false,\"functionAuthor\":\"Cassifa\",\"functionName\":\"AI类型\",\"genPath\":\"/\",\"genType\":\"0\",\"moduleName\":\"aiSys\",\"options\":\"{\\\"parentMenuId\\\":2001}\",\"packageName\":\"com.ruoyi.aiSys\",\"params\":{\"parentMenuId\":2001', '{\"msg\":\"操作成功\",\"code\":200}', 0, NULL, '2025-02-13 02:25:38', 9);
INSERT INTO `sys_oper_log` VALUES (125, '代码生成', 2, 'com.ruoyi.generator.controller.GenController.editSave()', 'PUT', 1, 'admin', '研发部门', '/tool/gen', '127.0.0.1', '内网IP', '{\"businessName\":\"AIProduct\",\"className\":\"AiGame\",\"columns\":[{\"capJavaField\":\"Id\",\"columnComment\":\"编号\",\"columnId\":1,\"columnName\":\"id\",\"columnType\":\"int\",\"createBy\":\"admin\",\"createTime\":\"2025-02-13 01:07:36\",\"dictType\":\"\",\"edit\":false,\"htmlType\":\"input\",\"increment\":true,\"insert\":false,\"isIncrement\":\"1\",\"isInsert\":\"0\",\"isList\":\"1\",\"isPk\":\"1\",\"isRequired\":\"0\",\"javaField\":\"id\",\"javaType\":\"Long\",\"list\":true,\"params\":{},\"pk\":true,\"query\":false,\"queryType\":\"EQ\",\"required\":false,\"sort\":1,\"superColumn\":false,\"tableId\":1,\"updateBy\":\"\",\"updateTime\":\"2025-02-13 02:24:19\",\"usableColumn\":false},{\"capJavaField\":\"AITypeId\",\"columnComment\":\"AI类别\",\"columnId\":2,\"columnName\":\"ai_type_id\",\"columnType\":\"int\",\"createBy\":\"admin\",\"createTime\":\"2025-02-13 01:07:36\",\"dictType\":\"ai_type\",\"edit\":true,\"htmlType\":\"input\",\"increment\":false,\"insert\":true,\"isEdit\":\"1\",\"isIncrement\":\"0\",\"isInsert\":\"1\",\"isList\":\"1\",\"isPk\":\"0\",\"isQuery\":\"1\",\"isRequired\":\"1\",\"javaField\":\"AITypeId\",\"javaType\":\"Long\",\"list\":true,\"params\":{},\"pk\":false,\"query\":true,\"queryType\":\"EQ\",\"required\":true,\"sort\":2,\"superColumn\":false,\"tableId\":1,\"updateBy\":\"\",\"updateTime\":\"2025-02-13 02:24:19\",\"usableColumn\":false},{\"capJavaField\":\"GameTypeId\",\"columnComment\":\"游戏类别\",\"columnId\":3,\"columnName\":\"game_type_id\",\"columnType\":\"int\",\"createBy\":\"admin\",\"createTime\":\"2025-02-13 01:07:36\",\"dictType\":\"game_type\",\"edit\":true,\"htmlType\":\"input\",\"increment\":false,\"insert\":true,\"isEdit\":\"1\",\"isIncrement\":\"0\",\"isInsert\":\"1\",\"isList\":\"1\",\"isPk\":\"0\",\"isQuery\":\"1\",\"isRequired\":\"1\",\"javaField\":\"gameTypeId\",\"javaType\":\"Long\",\"list\":true,\"params\":{},\"pk\":false,\"query\":true,\"queryType\":\"EQ\",\"required\":true,\"sort\":3,\"superColumn\":false,\"tableId\":1,\"updateBy\":\"\",\"updateTime\":\"2025-02-13 02:24:19\",\"usableColumn\":false},{\"capJavaField\":\"Level\",\"columnComment\":\"难度\",\"columnId\":4,\"columnName\":\"level\",\"columnType\":\"int\",\"createBy\":\"admin\",\"createTime\":\"2025-02-13 01:07:36\",\"dictType\":\"\",\"edit\":true,\"htmlType\":\"input\",\"increment\":false,\"insert\":true,\"isEdit\":\"1\",\"', '{\"msg\":\"操作成功\",\"code\":200}', 0, NULL, '2025-02-13 02:26:01', 17);
INSERT INTO `sys_oper_log` VALUES (126, '代码生成', 8, 'com.ruoyi.generator.controller.GenController.batchGenCode()', 'GET', 1, 'admin', '研发部门', '/tool/gen/batchGenCode', '127.0.0.1', '内网IP', '{\"tables\":\"ai_type,ai_game,game_type\"}', NULL, 0, NULL, '2025-02-13 02:26:58', 219);
INSERT INTO `sys_oper_log` VALUES (127, '代码生成', 2, 'com.ruoyi.generator.controller.GenController.editSave()', 'PUT', 1, 'admin', '研发部门', '/tool/gen', '127.0.0.1', '内网IP', '{\"businessName\":\"AIProduct\",\"className\":\"AiGame\",\"columns\":[{\"capJavaField\":\"Id\",\"columnComment\":\"编号\",\"columnId\":1,\"columnName\":\"id\",\"columnType\":\"int\",\"createBy\":\"admin\",\"createTime\":\"2025-02-13 01:07:36\",\"dictType\":\"\",\"edit\":false,\"htmlType\":\"input\",\"increment\":true,\"insert\":false,\"isIncrement\":\"1\",\"isInsert\":\"0\",\"isList\":\"1\",\"isPk\":\"1\",\"isRequired\":\"0\",\"javaField\":\"id\",\"javaType\":\"Long\",\"list\":true,\"params\":{},\"pk\":true,\"query\":false,\"queryType\":\"EQ\",\"required\":false,\"sort\":1,\"superColumn\":false,\"tableId\":1,\"updateBy\":\"\",\"updateTime\":\"2025-02-13 02:26:01\",\"usableColumn\":false},{\"capJavaField\":\"AiTypeId\",\"columnComment\":\"AI类别\",\"columnId\":2,\"columnName\":\"ai_type_id\",\"columnType\":\"int\",\"createBy\":\"admin\",\"createTime\":\"2025-02-13 01:07:36\",\"dictType\":\"ai_type\",\"edit\":true,\"htmlType\":\"input\",\"increment\":false,\"insert\":true,\"isEdit\":\"1\",\"isIncrement\":\"0\",\"isInsert\":\"1\",\"isList\":\"1\",\"isPk\":\"0\",\"isQuery\":\"1\",\"isRequired\":\"1\",\"javaField\":\"aiTypeId\",\"javaType\":\"Long\",\"list\":true,\"params\":{},\"pk\":false,\"query\":true,\"queryType\":\"EQ\",\"required\":true,\"sort\":2,\"superColumn\":false,\"tableId\":1,\"updateBy\":\"\",\"updateTime\":\"2025-02-13 02:26:01\",\"usableColumn\":false},{\"capJavaField\":\"GameTypeId\",\"columnComment\":\"游戏类别\",\"columnId\":3,\"columnName\":\"game_type_id\",\"columnType\":\"int\",\"createBy\":\"admin\",\"createTime\":\"2025-02-13 01:07:36\",\"dictType\":\"game_type\",\"edit\":true,\"htmlType\":\"input\",\"increment\":false,\"insert\":true,\"isEdit\":\"1\",\"isIncrement\":\"0\",\"isInsert\":\"1\",\"isList\":\"1\",\"isPk\":\"0\",\"isQuery\":\"1\",\"isRequired\":\"1\",\"javaField\":\"gameTypeId\",\"javaType\":\"Long\",\"list\":true,\"params\":{},\"pk\":false,\"query\":true,\"queryType\":\"EQ\",\"required\":true,\"sort\":3,\"superColumn\":false,\"tableId\":1,\"updateBy\":\"\",\"updateTime\":\"2025-02-13 02:26:01\",\"usableColumn\":false},{\"capJavaField\":\"Level\",\"columnComment\":\"难度\",\"columnId\":4,\"columnName\":\"level\",\"columnType\":\"int\",\"createBy\":\"admin\",\"createTime\":\"2025-02-13 01:07:36\",\"dictType\":\"\",\"edit\":true,\"htmlType\":\"input\",\"increment\":false,\"insert\":true,\"isEdit\":\"1\",\"', '{\"msg\":\"操作成功\",\"code\":200}', 0, NULL, '2025-02-13 02:32:41', 47);
INSERT INTO `sys_oper_log` VALUES (128, '代码生成', 2, 'com.ruoyi.generator.controller.GenController.editSave()', 'PUT', 1, 'admin', '研发部门', '/tool/gen', '127.0.0.1', '内网IP', '{\"businessName\":\"AIProduct\",\"className\":\"AiGame\",\"columns\":[{\"capJavaField\":\"Id\",\"columnComment\":\"编号\",\"columnId\":1,\"columnName\":\"id\",\"columnType\":\"int\",\"createBy\":\"admin\",\"createTime\":\"2025-02-13 01:07:36\",\"dictType\":\"\",\"edit\":false,\"htmlType\":\"input\",\"increment\":true,\"insert\":false,\"isIncrement\":\"1\",\"isInsert\":\"0\",\"isList\":\"1\",\"isPk\":\"1\",\"isRequired\":\"0\",\"javaField\":\"id\",\"javaType\":\"Long\",\"list\":true,\"params\":{},\"pk\":true,\"query\":false,\"queryType\":\"EQ\",\"required\":false,\"sort\":1,\"superColumn\":false,\"tableId\":1,\"updateBy\":\"\",\"updateTime\":\"2025-02-13 02:32:41\",\"usableColumn\":false},{\"capJavaField\":\"AiTypeId\",\"columnComment\":\"AI类别\",\"columnId\":2,\"columnName\":\"ai_type_id\",\"columnType\":\"int\",\"createBy\":\"admin\",\"createTime\":\"2025-02-13 01:07:36\",\"dictType\":\"ai_type\",\"edit\":true,\"htmlType\":\"input\",\"increment\":false,\"insert\":true,\"isEdit\":\"1\",\"isIncrement\":\"0\",\"isInsert\":\"1\",\"isList\":\"1\",\"isPk\":\"0\",\"isQuery\":\"1\",\"isRequired\":\"1\",\"javaField\":\"aiTypeId\",\"javaType\":\"Long\",\"list\":true,\"params\":{},\"pk\":false,\"query\":true,\"queryType\":\"EQ\",\"required\":true,\"sort\":2,\"superColumn\":false,\"tableId\":1,\"updateBy\":\"\",\"updateTime\":\"2025-02-13 02:32:41\",\"usableColumn\":false},{\"capJavaField\":\"GameTypeId\",\"columnComment\":\"游戏类别\",\"columnId\":3,\"columnName\":\"game_type_id\",\"columnType\":\"int\",\"createBy\":\"admin\",\"createTime\":\"2025-02-13 01:07:36\",\"dictType\":\"game_type\",\"edit\":true,\"htmlType\":\"input\",\"increment\":false,\"insert\":true,\"isEdit\":\"1\",\"isIncrement\":\"0\",\"isInsert\":\"1\",\"isList\":\"1\",\"isPk\":\"0\",\"isQuery\":\"1\",\"isRequired\":\"1\",\"javaField\":\"gameTypeId\",\"javaType\":\"Long\",\"list\":true,\"params\":{},\"pk\":false,\"query\":true,\"queryType\":\"EQ\",\"required\":true,\"sort\":3,\"superColumn\":false,\"tableId\":1,\"updateBy\":\"\",\"updateTime\":\"2025-02-13 02:32:41\",\"usableColumn\":false},{\"capJavaField\":\"Level\",\"columnComment\":\"难度\",\"columnId\":4,\"columnName\":\"level\",\"columnType\":\"int\",\"createBy\":\"admin\",\"createTime\":\"2025-02-13 01:07:36\",\"dictType\":\"\",\"edit\":true,\"htmlType\":\"input\",\"increment\":false,\"insert\":true,\"isEdit\":\"1\",\"', '{\"msg\":\"操作成功\",\"code\":200}', 0, NULL, '2025-02-13 02:33:04', 18);
INSERT INTO `sys_oper_log` VALUES (129, '代码生成', 8, 'com.ruoyi.generator.controller.GenController.batchGenCode()', 'GET', 1, 'admin', '研发部门', '/tool/gen/batchGenCode', '127.0.0.1', '内网IP', '{\"tables\":\"ai_game,ai_type,game_type\"}', NULL, 0, NULL, '2025-02-13 02:33:09', 226);
INSERT INTO `sys_oper_log` VALUES (130, '代码生成', 2, 'com.ruoyi.generator.controller.GenController.editSave()', 'PUT', 1, 'admin', '研发部门', '/tool/gen', '127.0.0.1', '内网IP', '{\"businessName\":\"aiProduct\",\"className\":\"AiGame\",\"columns\":[{\"capJavaField\":\"Id\",\"columnComment\":\"编号\",\"columnId\":1,\"columnName\":\"id\",\"columnType\":\"int\",\"createBy\":\"admin\",\"createTime\":\"2025-02-13 01:07:36\",\"dictType\":\"\",\"edit\":false,\"htmlType\":\"input\",\"increment\":true,\"insert\":false,\"isIncrement\":\"1\",\"isInsert\":\"0\",\"isList\":\"1\",\"isPk\":\"1\",\"isRequired\":\"0\",\"javaField\":\"id\",\"javaType\":\"Long\",\"list\":true,\"params\":{},\"pk\":true,\"query\":false,\"queryType\":\"EQ\",\"required\":false,\"sort\":1,\"superColumn\":false,\"tableId\":1,\"updateBy\":\"\",\"updateTime\":\"2025-02-13 02:33:04\",\"usableColumn\":false},{\"capJavaField\":\"AiTypeId\",\"columnComment\":\"AI类别\",\"columnId\":2,\"columnName\":\"ai_type_id\",\"columnType\":\"int\",\"createBy\":\"admin\",\"createTime\":\"2025-02-13 01:07:36\",\"dictType\":\"ai_type\",\"edit\":true,\"htmlType\":\"input\",\"increment\":false,\"insert\":true,\"isEdit\":\"1\",\"isIncrement\":\"0\",\"isInsert\":\"1\",\"isList\":\"1\",\"isPk\":\"0\",\"isQuery\":\"1\",\"isRequired\":\"1\",\"javaField\":\"aiTypeId\",\"javaType\":\"Long\",\"list\":true,\"params\":{},\"pk\":false,\"query\":true,\"queryType\":\"EQ\",\"required\":true,\"sort\":2,\"superColumn\":false,\"tableId\":1,\"updateBy\":\"\",\"updateTime\":\"2025-02-13 02:33:04\",\"usableColumn\":false},{\"capJavaField\":\"GameTypeId\",\"columnComment\":\"游戏类别\",\"columnId\":3,\"columnName\":\"game_type_id\",\"columnType\":\"int\",\"createBy\":\"admin\",\"createTime\":\"2025-02-13 01:07:36\",\"dictType\":\"game_type\",\"edit\":true,\"htmlType\":\"input\",\"increment\":false,\"insert\":true,\"isEdit\":\"1\",\"isIncrement\":\"0\",\"isInsert\":\"1\",\"isList\":\"1\",\"isPk\":\"0\",\"isQuery\":\"1\",\"isRequired\":\"1\",\"javaField\":\"gameTypeId\",\"javaType\":\"Long\",\"list\":true,\"params\":{},\"pk\":false,\"query\":true,\"queryType\":\"EQ\",\"required\":true,\"sort\":3,\"superColumn\":false,\"tableId\":1,\"updateBy\":\"\",\"updateTime\":\"2025-02-13 02:33:04\",\"usableColumn\":false},{\"capJavaField\":\"Level\",\"columnComment\":\"难度\",\"columnId\":4,\"columnName\":\"level\",\"columnType\":\"int\",\"createBy\":\"admin\",\"createTime\":\"2025-02-13 01:07:36\",\"dictType\":\"\",\"edit\":true,\"htmlType\":\"input\",\"increment\":false,\"insert\":true,\"isEdit\":\"1\",\"', '{\"msg\":\"操作成功\",\"code\":200}', 0, NULL, '2025-02-13 02:36:33', 48);
INSERT INTO `sys_oper_log` VALUES (131, '代码生成', 2, 'com.ruoyi.generator.controller.GenController.editSave()', 'PUT', 1, 'admin', '研发部门', '/tool/gen', '127.0.0.1', '内网IP', '{\"businessName\":\"aiType\",\"className\":\"AiType\",\"columns\":[{\"capJavaField\":\"AiId\",\"columnComment\":\"AI编号\",\"columnId\":7,\"columnName\":\"ai_id\",\"columnType\":\"int\",\"createBy\":\"admin\",\"createTime\":\"2025-02-13 01:07:36\",\"dictType\":\"\",\"edit\":false,\"htmlType\":\"input\",\"increment\":true,\"insert\":true,\"isIncrement\":\"1\",\"isInsert\":\"1\",\"isList\":\"1\",\"isPk\":\"1\",\"isQuery\":\"1\",\"isRequired\":\"0\",\"javaField\":\"aiId\",\"javaType\":\"Long\",\"list\":true,\"params\":{},\"pk\":true,\"query\":true,\"queryType\":\"EQ\",\"required\":false,\"sort\":1,\"superColumn\":false,\"tableId\":2,\"updateBy\":\"\",\"updateTime\":\"2025-02-13 02:25:38\",\"usableColumn\":false},{\"capJavaField\":\"AiName\",\"columnComment\":\"AI名称\",\"columnId\":8,\"columnName\":\"ai_name\",\"columnType\":\"varchar(200)\",\"createBy\":\"admin\",\"createTime\":\"2025-02-13 01:07:36\",\"dictType\":\"\",\"edit\":true,\"htmlType\":\"input\",\"increment\":false,\"insert\":true,\"isEdit\":\"1\",\"isIncrement\":\"0\",\"isInsert\":\"1\",\"isList\":\"1\",\"isPk\":\"0\",\"isQuery\":\"1\",\"isRequired\":\"1\",\"javaField\":\"aiName\",\"javaType\":\"String\",\"list\":true,\"params\":{},\"pk\":false,\"query\":true,\"queryType\":\"LIKE\",\"required\":true,\"sort\":2,\"superColumn\":false,\"tableId\":2,\"updateBy\":\"\",\"updateTime\":\"2025-02-13 02:25:38\",\"usableColumn\":false},{\"capJavaField\":\"AiIntroduction\",\"columnComment\":\"AI简介\",\"columnId\":9,\"columnName\":\"ai_introduction\",\"columnType\":\"varchar(500)\",\"createBy\":\"admin\",\"createTime\":\"2025-02-13 01:07:36\",\"dictType\":\"\",\"edit\":true,\"htmlType\":\"textarea\",\"increment\":false,\"insert\":true,\"isEdit\":\"1\",\"isIncrement\":\"0\",\"isInsert\":\"1\",\"isList\":\"1\",\"isPk\":\"0\",\"isQuery\":\"1\",\"isRequired\":\"0\",\"javaField\":\"aiIntroduction\",\"javaType\":\"String\",\"list\":true,\"params\":{},\"pk\":false,\"query\":true,\"queryType\":\"EQ\",\"required\":false,\"sort\":3,\"superColumn\":false,\"tableId\":2,\"updateBy\":\"\",\"updateTime\":\"2025-02-13 02:25:38\",\"usableColumn\":false}],\"crud\":false,\"functionAuthor\":\"Cassifa\",\"functionName\":\"AI类型\",\"genPath\":\"/\",\"genType\":\"0\",\"moduleName\":\"aiSys\",\"options\":\"{\\\"parentMenuId\\\":2001}\",\"packageName\":\"com.ruoyi.aiSys\",\"params\":{\"parentMenuId\":2001', '{\"msg\":\"操作成功\",\"code\":200}', 0, NULL, '2025-02-13 02:36:43', 16);
INSERT INTO `sys_oper_log` VALUES (132, '代码生成', 8, 'com.ruoyi.generator.controller.GenController.batchGenCode()', 'GET', 1, 'admin', '研发部门', '/tool/gen/batchGenCode', '127.0.0.1', '内网IP', '{\"tables\":\"ai_game,ai_type,game_type\"}', NULL, 0, NULL, '2025-02-13 02:40:02', 288);
INSERT INTO `sys_oper_log` VALUES (133, '代码生成', 2, 'com.ruoyi.generator.controller.GenController.editSave()', 'PUT', 1, 'admin', '研发部门', '/tool/gen', '127.0.0.1', '内网IP', '{\"businessName\":\"aiProduct\",\"className\":\"AiGame\",\"columns\":[{\"capJavaField\":\"Id\",\"columnComment\":\"编号\",\"columnId\":1,\"columnName\":\"id\",\"columnType\":\"int\",\"createBy\":\"admin\",\"createTime\":\"2025-02-13 01:07:36\",\"dictType\":\"\",\"edit\":false,\"htmlType\":\"input\",\"increment\":true,\"insert\":false,\"isIncrement\":\"1\",\"isInsert\":\"0\",\"isList\":\"1\",\"isPk\":\"1\",\"isRequired\":\"0\",\"javaField\":\"id\",\"javaType\":\"Long\",\"list\":true,\"params\":{},\"pk\":true,\"query\":false,\"queryType\":\"EQ\",\"required\":false,\"sort\":1,\"superColumn\":false,\"tableId\":1,\"updateBy\":\"\",\"updateTime\":\"2025-02-13 02:36:33\",\"usableColumn\":false},{\"capJavaField\":\"AiTypeId\",\"columnComment\":\"AI类别\",\"columnId\":2,\"columnName\":\"ai_type_id\",\"columnType\":\"int\",\"createBy\":\"admin\",\"createTime\":\"2025-02-13 01:07:36\",\"dictType\":\"ai_type\",\"edit\":true,\"htmlType\":\"select\",\"increment\":false,\"insert\":true,\"isEdit\":\"1\",\"isIncrement\":\"0\",\"isInsert\":\"1\",\"isList\":\"1\",\"isPk\":\"0\",\"isQuery\":\"1\",\"isRequired\":\"1\",\"javaField\":\"aiTypeId\",\"javaType\":\"Long\",\"list\":true,\"params\":{},\"pk\":false,\"query\":true,\"queryType\":\"EQ\",\"required\":true,\"sort\":2,\"superColumn\":false,\"tableId\":1,\"updateBy\":\"\",\"updateTime\":\"2025-02-13 02:36:33\",\"usableColumn\":false},{\"capJavaField\":\"GameTypeId\",\"columnComment\":\"游戏类别\",\"columnId\":3,\"columnName\":\"game_type_id\",\"columnType\":\"int\",\"createBy\":\"admin\",\"createTime\":\"2025-02-13 01:07:36\",\"dictType\":\"game_type\",\"edit\":true,\"htmlType\":\"select\",\"increment\":false,\"insert\":true,\"isEdit\":\"1\",\"isIncrement\":\"0\",\"isInsert\":\"1\",\"isList\":\"1\",\"isPk\":\"0\",\"isQuery\":\"1\",\"isRequired\":\"1\",\"javaField\":\"gameTypeId\",\"javaType\":\"Long\",\"list\":true,\"params\":{},\"pk\":false,\"query\":true,\"queryType\":\"EQ\",\"required\":true,\"sort\":3,\"superColumn\":false,\"tableId\":1,\"updateBy\":\"\",\"updateTime\":\"2025-02-13 02:36:33\",\"usableColumn\":false},{\"capJavaField\":\"Level\",\"columnComment\":\"难度\",\"columnId\":4,\"columnName\":\"level\",\"columnType\":\"int\",\"createBy\":\"admin\",\"createTime\":\"2025-02-13 01:07:36\",\"dictType\":\"\",\"edit\":true,\"htmlType\":\"input\",\"increment\":false,\"insert\":true,\"isEdit\":\"1\"', '{\"msg\":\"操作成功\",\"code\":200}', 0, NULL, '2025-02-13 05:35:21', 64);
INSERT INTO `sys_oper_log` VALUES (134, '菜单管理', 2, 'com.ruoyi.web.controller.system.SysMenuController.edit()', 'PUT', 1, 'admin', '研发部门', '/system/menu', '127.0.0.1', '内网IP', '{\"children\":[],\"createTime\":\"2025-02-13 01:18:03\",\"icon\":\"people\",\"isCache\":\"0\",\"isFrame\":\"1\",\"menuId\":2000,\"menuName\":\"AI介绍\",\"menuType\":\"M\",\"orderNum\":1,\"params\":{},\"parentId\":0,\"path\":\"AIInfo\",\"perms\":\"\",\"routeName\":\"\",\"status\":\"0\",\"updateBy\":\"admin\",\"visible\":\"0\"}', '{\"msg\":\"操作成功\",\"code\":200}', 0, NULL, '2025-02-13 05:37:52', 20);
INSERT INTO `sys_oper_log` VALUES (135, '菜单管理', 2, 'com.ruoyi.web.controller.system.SysMenuController.edit()', 'PUT', 1, 'admin', '研发部门', '/system/menu', '127.0.0.1', '内网IP', '{\"children\":[],\"createTime\":\"2025-02-13 01:20:09\",\"icon\":\"build\",\"isCache\":\"0\",\"isFrame\":\"1\",\"menuId\":2002,\"menuName\":\"对战记录\",\"menuType\":\"M\",\"orderNum\":2,\"params\":{},\"parentId\":0,\"path\":\"recordSys\",\"perms\":\"\",\"routeName\":\"\",\"status\":\"0\",\"updateBy\":\"admin\",\"visible\":\"0\"}', '{\"msg\":\"操作成功\",\"code\":200}', 0, NULL, '2025-02-13 05:37:58', 16);
INSERT INTO `sys_oper_log` VALUES (136, '菜单管理', 2, 'com.ruoyi.web.controller.system.SysMenuController.edit()', 'PUT', 1, 'admin', '研发部门', '/system/menu', '127.0.0.1', '内网IP', '{\"children\":[],\"createTime\":\"2025-02-13 01:19:12\",\"icon\":\"build\",\"isCache\":\"0\",\"isFrame\":\"1\",\"menuId\":2001,\"menuName\":\"AI管理\",\"menuType\":\"M\",\"orderNum\":3,\"params\":{},\"parentId\":0,\"path\":\"AISys\",\"perms\":\"\",\"routeName\":\"\",\"status\":\"0\",\"updateBy\":\"admin\",\"visible\":\"0\"}', '{\"msg\":\"操作成功\",\"code\":200}', 0, NULL, '2025-02-13 05:38:04', 18);
INSERT INTO `sys_oper_log` VALUES (137, '菜单管理', 2, 'com.ruoyi.web.controller.system.SysMenuController.edit()', 'PUT', 1, 'admin', '研发部门', '/system/menu', '127.0.0.1', '内网IP', '{\"children\":[],\"createTime\":\"2025-02-01 15:48:19\",\"icon\":\"system\",\"isCache\":\"0\",\"isFrame\":\"1\",\"menuId\":1,\"menuName\":\"系统管理\",\"menuType\":\"M\",\"orderNum\":4,\"params\":{},\"parentId\":0,\"path\":\"system\",\"perms\":\"\",\"query\":\"\",\"routeName\":\"\",\"status\":\"0\",\"updateBy\":\"admin\",\"visible\":\"0\"}', '{\"msg\":\"操作成功\",\"code\":200}', 0, NULL, '2025-02-13 05:38:12', 11);
INSERT INTO `sys_oper_log` VALUES (138, '菜单管理', 2, 'com.ruoyi.web.controller.system.SysMenuController.edit()', 'PUT', 1, 'admin', '研发部门', '/system/menu', '127.0.0.1', '内网IP', '{\"children\":[],\"createTime\":\"2025-02-01 15:48:19\",\"icon\":\"tool\",\"isCache\":\"0\",\"isFrame\":\"1\",\"menuId\":3,\"menuName\":\"系统工具\",\"menuType\":\"M\",\"orderNum\":5,\"params\":{},\"parentId\":0,\"path\":\"tool\",\"perms\":\"\",\"query\":\"\",\"routeName\":\"\",\"status\":\"0\",\"updateBy\":\"admin\",\"visible\":\"0\"}', '{\"msg\":\"操作成功\",\"code\":200}', 0, NULL, '2025-02-13 05:38:28', 17);
INSERT INTO `sys_oper_log` VALUES (139, '菜单管理', 2, 'com.ruoyi.web.controller.system.SysMenuController.edit()', 'PUT', 1, 'admin', '研发部门', '/system/menu', '127.0.0.1', '内网IP', '{\"children\":[],\"createTime\":\"2025-02-01 15:48:19\",\"icon\":\"guide\",\"isCache\":\"0\",\"isFrame\":\"0\",\"menuId\":4,\"menuName\":\"若依官网\",\"menuType\":\"M\",\"orderNum\":40,\"params\":{},\"parentId\":0,\"path\":\"http://ruoyi.vip\",\"perms\":\"\",\"query\":\"\",\"routeName\":\"\",\"status\":\"0\",\"updateBy\":\"admin\",\"visible\":\"1\"}', '{\"msg\":\"操作成功\",\"code\":200}', 0, NULL, '2025-02-13 05:38:35', 14);
INSERT INTO `sys_oper_log` VALUES (140, '菜单管理', 2, 'com.ruoyi.web.controller.system.SysMenuController.edit()', 'PUT', 1, 'admin', '研发部门', '/system/menu', '127.0.0.1', '内网IP', '{\"children\":[],\"createTime\":\"2025-02-01 15:48:19\",\"icon\":\"monitor\",\"isCache\":\"0\",\"isFrame\":\"1\",\"menuId\":2,\"menuName\":\"系统监控\",\"menuType\":\"M\",\"orderNum\":6,\"params\":{},\"parentId\":0,\"path\":\"monitor\",\"perms\":\"\",\"query\":\"\",\"routeName\":\"\",\"status\":\"0\",\"updateBy\":\"admin\",\"visible\":\"0\"}', '{\"msg\":\"操作成功\",\"code\":200}', 0, NULL, '2025-02-13 05:38:51', 14);
INSERT INTO `sys_oper_log` VALUES (141, '字典数据', 1, 'com.ruoyi.web.controller.system.SysDictDataController.add()', 'POST', 1, 'admin', '研发部门', '/system/dict/data', '127.0.0.1', '内网IP', '{\"createBy\":\"admin\",\"default\":false,\"dictLabel\":\"博弈树\",\"dictSort\":0,\"dictType\":\"game_type\",\"dictValue\":\"1\",\"listClass\":\"default\",\"params\":{},\"status\":\"0\"}', '{\"msg\":\"操作成功\",\"code\":200}', 0, NULL, '2025-02-13 05:42:47', 17);
INSERT INTO `sys_oper_log` VALUES (142, '字典数据', 1, 'com.ruoyi.web.controller.system.SysDictDataController.add()', 'POST', 1, 'admin', '研发部门', '/system/dict/data', '127.0.0.1', '内网IP', '{\"createBy\":\"admin\",\"default\":false,\"dictLabel\":\"蒙特卡洛搜索树\",\"dictSort\":1,\"dictType\":\"game_type\",\"dictValue\":\"2\",\"listClass\":\"default\",\"params\":{},\"status\":\"0\"}', '{\"msg\":\"操作成功\",\"code\":200}', 0, NULL, '2025-02-13 05:43:11', 7);
INSERT INTO `sys_oper_log` VALUES (143, '字典数据', 1, 'com.ruoyi.web.controller.system.SysDictDataController.add()', 'POST', 1, 'admin', '研发部门', '/system/dict/data', '127.0.0.1', '内网IP', '{\"createBy\":\"admin\",\"default\":false,\"dictLabel\":\"负极大值搜索\",\"dictSort\":0,\"dictType\":\"game_type\",\"dictValue\":\"3\",\"listClass\":\"default\",\"params\":{},\"status\":\"0\"}', '{\"msg\":\"操作成功\",\"code\":200}', 0, NULL, '2025-02-13 05:44:06', 8);
INSERT INTO `sys_oper_log` VALUES (144, '字典数据', 2, 'com.ruoyi.web.controller.system.SysDictDataController.edit()', 'PUT', 1, 'admin', '研发部门', '/system/dict/data', '127.0.0.1', '内网IP', '{\"createBy\":\"admin\",\"createTime\":\"2025-02-13 05:44:06\",\"default\":false,\"dictCode\":102,\"dictLabel\":\"负极大值搜索\",\"dictSort\":4,\"dictType\":\"game_type\",\"dictValue\":\"3\",\"isDefault\":\"N\",\"listClass\":\"default\",\"params\":{},\"status\":\"0\",\"updateBy\":\"admin\"}', '{\"msg\":\"操作成功\",\"code\":200}', 0, NULL, '2025-02-13 05:44:16', 16);
INSERT INTO `sys_oper_log` VALUES (145, '字典数据', 1, 'com.ruoyi.web.controller.system.SysDictDataController.add()', 'POST', 1, 'admin', '研发部门', '/system/dict/data', '127.0.0.1', '内网IP', '{\"createBy\":\"admin\",\"default\":false,\"dictLabel\":\"蒙特卡洛博弈树\",\"dictSort\":2,\"dictType\":\"game_type\",\"dictValue\":\"3\",\"listClass\":\"default\",\"params\":{},\"status\":\"0\"}', '{\"msg\":\"操作成功\",\"code\":200}', 0, NULL, '2025-02-13 05:45:01', 7);
INSERT INTO `sys_oper_log` VALUES (146, '字典数据', 1, 'com.ruoyi.web.controller.system.SysDictDataController.add()', 'POST', 1, 'admin', '研发部门', '/system/dict/data', '127.0.0.1', '内网IP', '{\"createBy\":\"admin\",\"default\":false,\"dictLabel\":\"深度强化学习\",\"dictSort\":3,\"dictType\":\"game_type\",\"dictValue\":\"4\",\"listClass\":\"default\",\"params\":{},\"status\":\"0\"}', '{\"msg\":\"操作成功\",\"code\":200}', 0, NULL, '2025-02-13 05:45:32', 21);
INSERT INTO `sys_oper_log` VALUES (147, '字典数据', 2, 'com.ruoyi.web.controller.system.SysDictDataController.edit()', 'PUT', 1, 'admin', '研发部门', '/system/dict/data', '127.0.0.1', '内网IP', '{\"createBy\":\"admin\",\"createTime\":\"2025-02-13 05:43:11\",\"default\":false,\"dictCode\":101,\"dictLabel\":\"蒙特卡洛搜索\",\"dictSort\":1,\"dictType\":\"game_type\",\"dictValue\":\"2\",\"isDefault\":\"N\",\"listClass\":\"default\",\"params\":{},\"status\":\"0\",\"updateBy\":\"admin\"}', '{\"msg\":\"操作成功\",\"code\":200}', 0, NULL, '2025-02-13 05:45:54', 12);
INSERT INTO `sys_oper_log` VALUES (148, '字典数据', 2, 'com.ruoyi.web.controller.system.SysDictDataController.edit()', 'PUT', 1, 'admin', '研发部门', '/system/dict/data', '127.0.0.1', '内网IP', '{\"createBy\":\"admin\",\"createTime\":\"2025-02-13 05:44:06\",\"default\":false,\"dictCode\":102,\"dictLabel\":\"负极大值搜索\",\"dictSort\":4,\"dictType\":\"game_type\",\"dictValue\":\"5\",\"isDefault\":\"N\",\"listClass\":\"default\",\"params\":{},\"status\":\"0\",\"updateBy\":\"admin\"}', '{\"msg\":\"操作成功\",\"code\":200}', 0, NULL, '2025-02-13 05:46:05', 8);
INSERT INTO `sys_oper_log` VALUES (149, '字典数据', 1, 'com.ruoyi.web.controller.system.SysDictDataController.add()', 'POST', 1, 'admin', '研发部门', '/system/dict/data', '127.0.0.1', '内网IP', '{\"createBy\":\"admin\",\"default\":false,\"dictLabel\":\"博弈树\",\"dictSort\":0,\"dictType\":\"ai_type\",\"dictValue\":\"1\",\"listClass\":\"default\",\"params\":{},\"status\":\"0\"}', '{\"msg\":\"操作成功\",\"code\":200}', 0, NULL, '2025-02-13 05:47:18', 9);
INSERT INTO `sys_oper_log` VALUES (150, '字典数据', 1, 'com.ruoyi.web.controller.system.SysDictDataController.add()', 'POST', 1, 'admin', '研发部门', '/system/dict/data', '127.0.0.1', '内网IP', '{\"createBy\":\"admin\",\"default\":false,\"dictLabel\":\"蒙特卡洛搜索\",\"dictSort\":1,\"dictType\":\"ai_type\",\"dictValue\":\"2\",\"listClass\":\"default\",\"params\":{},\"status\":\"0\"}', '{\"msg\":\"操作成功\",\"code\":200}', 0, NULL, '2025-02-13 05:47:32', 17);
INSERT INTO `sys_oper_log` VALUES (151, '字典数据', 1, 'com.ruoyi.web.controller.system.SysDictDataController.add()', 'POST', 1, 'admin', '研发部门', '/system/dict/data', '127.0.0.1', '内网IP', '{\"createBy\":\"admin\",\"default\":false,\"dictLabel\":\"蒙特卡洛博弈树\",\"dictSort\":2,\"dictType\":\"ai_type\",\"dictValue\":\"3\",\"listClass\":\"default\",\"params\":{},\"status\":\"0\"}', '{\"msg\":\"操作成功\",\"code\":200}', 0, NULL, '2025-02-13 05:47:47', 15);
INSERT INTO `sys_oper_log` VALUES (152, '字典数据', 1, 'com.ruoyi.web.controller.system.SysDictDataController.add()', 'POST', 1, 'admin', '研发部门', '/system/dict/data', '127.0.0.1', '内网IP', '{\"createBy\":\"admin\",\"default\":false,\"dictLabel\":\"深度强化学习\",\"dictSort\":3,\"dictType\":\"ai_type\",\"dictValue\":\"4\",\"listClass\":\"default\",\"params\":{},\"status\":\"0\"}', '{\"msg\":\"操作成功\",\"code\":200}', 0, NULL, '2025-02-13 05:48:04', 6);
INSERT INTO `sys_oper_log` VALUES (153, '字典数据', 1, 'com.ruoyi.web.controller.system.SysDictDataController.add()', 'POST', 1, 'admin', '研发部门', '/system/dict/data', '127.0.0.1', '内网IP', '{\"createBy\":\"admin\",\"default\":false,\"dictLabel\":\"负极大值搜索\",\"dictSort\":4,\"dictType\":\"ai_type\",\"dictValue\":\"5\",\"listClass\":\"default\",\"params\":{},\"status\":\"0\"}', '{\"msg\":\"操作成功\",\"code\":200}', 0, NULL, '2025-02-13 05:48:18', 7);
INSERT INTO `sys_oper_log` VALUES (154, '字典数据', 2, 'com.ruoyi.web.controller.system.SysDictDataController.edit()', 'PUT', 1, 'admin', '研发部门', '/system/dict/data', '127.0.0.1', '内网IP', '{\"createBy\":\"admin\",\"createTime\":\"2025-02-13 05:42:47\",\"default\":false,\"dictCode\":100,\"dictLabel\":\"五子棋\",\"dictSort\":0,\"dictType\":\"game_type\",\"dictValue\":\"1\",\"isDefault\":\"N\",\"listClass\":\"default\",\"params\":{},\"status\":\"0\",\"updateBy\":\"admin\"}', '{\"msg\":\"操作成功\",\"code\":200}', 0, NULL, '2025-02-13 05:48:30', 7);
INSERT INTO `sys_oper_log` VALUES (155, '字典数据', 2, 'com.ruoyi.web.controller.system.SysDictDataController.edit()', 'PUT', 1, 'admin', '研发部门', '/system/dict/data', '127.0.0.1', '内网IP', '{\"createBy\":\"admin\",\"createTime\":\"2025-02-13 05:43:11\",\"default\":false,\"dictCode\":101,\"dictLabel\":\"8*8五子棋\",\"dictSort\":1,\"dictType\":\"game_type\",\"dictValue\":\"2\",\"isDefault\":\"N\",\"listClass\":\"default\",\"params\":{},\"status\":\"0\",\"updateBy\":\"admin\"}', '{\"msg\":\"操作成功\",\"code\":200}', 0, NULL, '2025-02-13 05:48:39', 9);
INSERT INTO `sys_oper_log` VALUES (156, '字典数据', 2, 'com.ruoyi.web.controller.system.SysDictDataController.edit()', 'PUT', 1, 'admin', '研发部门', '/system/dict/data', '127.0.0.1', '内网IP', '{\"createBy\":\"admin\",\"createTime\":\"2025-02-13 05:45:01\",\"default\":false,\"dictCode\":103,\"dictLabel\":\"不围棋\",\"dictSort\":2,\"dictType\":\"game_type\",\"dictValue\":\"3\",\"isDefault\":\"N\",\"listClass\":\"default\",\"params\":{},\"status\":\"0\",\"updateBy\":\"admin\"}', '{\"msg\":\"操作成功\",\"code\":200}', 0, NULL, '2025-02-13 05:48:50', 9);
INSERT INTO `sys_oper_log` VALUES (157, '字典数据', 2, 'com.ruoyi.web.controller.system.SysDictDataController.edit()', 'PUT', 1, 'admin', '研发部门', '/system/dict/data', '127.0.0.1', '内网IP', '{\"createBy\":\"admin\",\"createTime\":\"2025-02-13 05:45:32\",\"default\":false,\"dictCode\":104,\"dictLabel\":\"井字棋\",\"dictSort\":3,\"dictType\":\"game_type\",\"dictValue\":\"4\",\"isDefault\":\"N\",\"listClass\":\"default\",\"params\":{},\"status\":\"0\",\"updateBy\":\"admin\"}', '{\"msg\":\"操作成功\",\"code\":200}', 0, NULL, '2025-02-13 05:48:59', 9);
INSERT INTO `sys_oper_log` VALUES (158, '字典数据', 2, 'com.ruoyi.web.controller.system.SysDictDataController.edit()', 'PUT', 1, 'admin', '研发部门', '/system/dict/data', '127.0.0.1', '内网IP', '{\"createBy\":\"admin\",\"createTime\":\"2025-02-13 05:44:06\",\"default\":false,\"dictCode\":102,\"dictLabel\":\"反井字棋\",\"dictSort\":4,\"dictType\":\"game_type\",\"dictValue\":\"5\",\"isDefault\":\"N\",\"listClass\":\"default\",\"params\":{},\"status\":\"0\",\"updateBy\":\"admin\"}', '{\"msg\":\"操作成功\",\"code\":200}', 0, NULL, '2025-02-13 05:49:09', 10);
INSERT INTO `sys_oper_log` VALUES (159, '参数管理', 2, 'com.ruoyi.web.controller.system.SysConfigController.edit()', 'PUT', 1, 'admin', '研发部门', '/system/config', '127.0.0.1', '内网IP', '{\"configId\":4,\"configKey\":\"sys.account.captchaEnabled\",\"configName\":\"账号自助-验证码开关\",\"configType\":\"Y\",\"configValue\":\"false\",\"createBy\":\"admin\",\"createTime\":\"2025-02-01 15:48:19\",\"params\":{},\"remark\":\"是否开启验证码功能（true开启，false关闭）\",\"updateBy\":\"admin\"}', '{\"msg\":\"操作成功\",\"code\":200}', 0, NULL, '2025-02-13 05:52:31', 18);
INSERT INTO `sys_oper_log` VALUES (160, '参数管理', 2, 'com.ruoyi.web.controller.system.SysConfigController.edit()', 'PUT', 1, 'admin', '研发部门', '/system/config', '127.0.0.1', '内网IP', '{\"configId\":5,\"configKey\":\"sys.account.registerUser\",\"configName\":\"账号自助-是否开启用户注册功能\",\"configType\":\"Y\",\"configValue\":\"true\",\"createBy\":\"admin\",\"createTime\":\"2025-02-01 15:48:19\",\"params\":{},\"remark\":\"是否开启注册用户功能（true开启，false关闭）\",\"updateBy\":\"admin\"}', '{\"msg\":\"操作成功\",\"code\":200}', 0, NULL, '2025-02-13 05:52:43', 9);
INSERT INTO `sys_oper_log` VALUES (161, 'AI-Game具体产品', 1, 'com.ruoyi.aiSys.controller.AiGameController.add()', 'POST', 1, 'admin', '研发部门', '/aiSys/aiProduct', '127.0.0.1', '内网IP', '{\"aiTypeId\":1,\"gameTypeId\":1,\"params\":{}}', NULL, 1, '\r\n### Error updating database.  Cause: java.sql.SQLIntegrityConstraintViolationException: Cannot add or update a child row: a foreign key constraint fails (`gamehive`.`ai_game`, CONSTRAINT `ai_game_ai_type_ai_id_fk` FOREIGN KEY (`ai_type_id`) REFERENCES `ai_type` (`ai_id`))\r\n### The error may exist in file [D:\\0projects\\GameHive\\Backend\\ruoyi-admin\\target\\classes\\mapper\\aiSys\\AiGameMapper.xml]\r\n### The error may involve com.ruoyi.aiSys.mapper.AiGameMapper.insertAiGame-Inline\r\n### The error occurred while setting parameters\r\n### SQL: insert into ai_game          ( ai_type_id,             game_type_id )           values ( ?,             ? )\r\n### Cause: java.sql.SQLIntegrityConstraintViolationException: Cannot add or update a child row: a foreign key constraint fails (`gamehive`.`ai_game`, CONSTRAINT `ai_game_ai_type_ai_id_fk` FOREIGN KEY (`ai_type_id`) REFERENCES `ai_type` (`ai_id`))\n; Cannot add or update a child row: a foreign key constraint fails (`gamehive`.`ai_game`, CONSTRAINT `ai_game_ai_type_ai_id_fk` FOREIGN KEY (`ai_type_id`) REFERENCES `ai_type` (`ai_id`)); nested exception is java.sql.SQLIntegrityConstraintViolationException: Cannot add or update a child row: a foreign key constraint fails (`gamehive`.`ai_game`, CONSTRAINT `ai_game_ai_type_ai_id_fk` FOREIGN KEY (`ai_type_id`) REFERENCES `ai_type` (`ai_id`))', '2025-02-13 17:18:52', 130);
INSERT INTO `sys_oper_log` VALUES (162, 'AI-Game具体产品', 1, 'com.ruoyi.aiSys.controller.AiGameController.add()', 'POST', 1, 'admin', '研发部门', '/aiSys/aiProduct', '127.0.0.1', '内网IP', '{\"aiTypeId\":1,\"gameTypeId\":1,\"params\":{}}', NULL, 1, '\r\n### Error updating database.  Cause: java.sql.SQLIntegrityConstraintViolationException: Cannot add or update a child row: a foreign key constraint fails (`gamehive`.`ai_game`, CONSTRAINT `ai_game_ai_type_ai_id_fk` FOREIGN KEY (`ai_type_id`) REFERENCES `ai_type` (`ai_id`))\r\n### The error may exist in file [D:\\0projects\\GameHive\\Backend\\ruoyi-admin\\target\\classes\\mapper\\aiSys\\AiGameMapper.xml]\r\n### The error may involve com.ruoyi.aiSys.mapper.AiGameMapper.insertAiGame-Inline\r\n### The error occurred while setting parameters\r\n### SQL: insert into ai_game          ( ai_type_id,             game_type_id )           values ( ?,             ? )\r\n### Cause: java.sql.SQLIntegrityConstraintViolationException: Cannot add or update a child row: a foreign key constraint fails (`gamehive`.`ai_game`, CONSTRAINT `ai_game_ai_type_ai_id_fk` FOREIGN KEY (`ai_type_id`) REFERENCES `ai_type` (`ai_id`))\n; Cannot add or update a child row: a foreign key constraint fails (`gamehive`.`ai_game`, CONSTRAINT `ai_game_ai_type_ai_id_fk` FOREIGN KEY (`ai_type_id`) REFERENCES `ai_type` (`ai_id`)); nested exception is java.sql.SQLIntegrityConstraintViolationException: Cannot add or update a child row: a foreign key constraint fails (`gamehive`.`ai_game`, CONSTRAINT `ai_game_ai_type_ai_id_fk` FOREIGN KEY (`ai_type_id`) REFERENCES `ai_type` (`ai_id`))', '2025-02-13 17:19:11', 6);
INSERT INTO `sys_oper_log` VALUES (163, '游戏类型', 1, 'com.ruoyi.aiSys.controller.GameTypeController.add()', 'POST', 1, 'admin', '研发部门', '/aiSys/gameType', '127.0.0.1', '内网IP', '{\"aiGameList\":[],\"boardSize\":15,\"gameId\":1,\"gameName\":\"五子棋\",\"isCellCenter\":false,\"minValidPieces\":10,\"params\":{}}', '{\"msg\":\"操作成功\",\"code\":200}', 0, NULL, '2025-02-13 17:22:38', 14);
INSERT INTO `sys_oper_log` VALUES (164, '游戏类型', 2, 'com.ruoyi.aiSys.controller.GameTypeController.edit()', 'PUT', 1, 'admin', '研发部门', '/aiSys/gameType', '127.0.0.1', '内网IP', '{\"aiGameList\":[],\"boardSize\":15,\"gameId\":1,\"gameName\":\"五子棋\",\"isCellCenter\":false,\"minValidPieces\":10,\"params\":{}}', '{\"msg\":\"操作成功\",\"code\":200}', 0, NULL, '2025-02-13 17:23:23', 8);
INSERT INTO `sys_oper_log` VALUES (165, '游戏类型', 1, 'com.ruoyi.aiSys.controller.GameTypeController.add()', 'POST', 1, 'admin', '研发部门', '/aiSys/gameType', '127.0.0.1', '内网IP', '{\"aiGameList\":[],\"boardSize\":8,\"gameId\":2,\"gameName\":\"8*8五子棋\",\"isCellCenter\":false,\"minValidPieces\":5,\"params\":{}}', '{\"msg\":\"操作成功\",\"code\":200}', 0, NULL, '2025-02-13 17:24:23', 17);
INSERT INTO `sys_oper_log` VALUES (166, '游戏类型', 1, 'com.ruoyi.aiSys.controller.GameTypeController.add()', 'POST', 1, 'admin', '研发部门', '/aiSys/gameType', '127.0.0.1', '内网IP', '{\"aiGameList\":[],\"boardSize\":7,\"gameId\":3,\"gameName\":\"不围棋\",\"isCellCenter\":true,\"minValidPieces\":5,\"params\":{}}', '{\"msg\":\"操作成功\",\"code\":200}', 0, NULL, '2025-02-13 17:25:56', 6);
INSERT INTO `sys_oper_log` VALUES (167, '游戏类型', 1, 'com.ruoyi.aiSys.controller.GameTypeController.add()', 'POST', 1, 'admin', '研发部门', '/aiSys/gameType', '127.0.0.1', '内网IP', '{\"aiGameList\":[],\"boardSize\":3,\"gameId\":4,\"gameName\":\"井字棋\",\"isCellCenter\":true,\"minValidPieces\":3,\"params\":{}}', '{\"msg\":\"操作成功\",\"code\":200}', 0, NULL, '2025-02-13 17:26:27', 5);
INSERT INTO `sys_oper_log` VALUES (168, '游戏类型', 1, 'com.ruoyi.aiSys.controller.GameTypeController.add()', 'POST', 1, 'admin', '研发部门', '/aiSys/gameType', '127.0.0.1', '内网IP', '{\"aiGameList\":[],\"boardSize\":3,\"gameId\":5,\"gameName\":\"反井字棋\",\"isCellCenter\":true,\"minValidPieces\":3,\"params\":{}}', '{\"msg\":\"操作成功\",\"code\":200}', 0, NULL, '2025-02-13 17:26:47', 10);
INSERT INTO `sys_oper_log` VALUES (169, 'AI类型', 1, 'com.ruoyi.aiSys.controller.AiTypeController.add()', 'POST', 1, 'admin', '研发部门', '/aiSys/aiType', '127.0.0.1', '内网IP', '{\"aiGameList\":[],\"aiId\":1,\"aiName\":\"博弈树\",\"params\":{}}', '{\"msg\":\"操作成功\",\"code\":200}', 0, NULL, '2025-02-13 17:27:26', 11);
INSERT INTO `sys_oper_log` VALUES (170, 'AI类型', 1, 'com.ruoyi.aiSys.controller.AiTypeController.add()', 'POST', 1, 'admin', '研发部门', '/aiSys/aiType', '127.0.0.1', '内网IP', '{\"aiGameList\":[],\"aiId\":2,\"aiName\":\"蒙特卡洛搜索\",\"params\":{}}', '{\"msg\":\"操作成功\",\"code\":200}', 0, NULL, '2025-02-13 17:27:37', 5);
INSERT INTO `sys_oper_log` VALUES (171, 'AI类型', 1, 'com.ruoyi.aiSys.controller.AiTypeController.add()', 'POST', 1, 'admin', '研发部门', '/aiSys/aiType', '127.0.0.1', '内网IP', '{\"aiGameList\":[],\"aiId\":3,\"aiName\":\"蒙特卡洛博弈树\",\"params\":{}}', '{\"msg\":\"操作成功\",\"code\":200}', 0, NULL, '2025-02-13 17:27:47', 7);
INSERT INTO `sys_oper_log` VALUES (172, 'AI类型', 1, 'com.ruoyi.aiSys.controller.AiTypeController.add()', 'POST', 1, 'admin', '研发部门', '/aiSys/aiType', '127.0.0.1', '内网IP', '{\"aiGameList\":[],\"aiId\":4,\"aiName\":\"深度强化学习\",\"params\":{}}', '{\"msg\":\"操作成功\",\"code\":200}', 0, NULL, '2025-02-13 17:27:56', 4);
INSERT INTO `sys_oper_log` VALUES (173, 'AI类型', 1, 'com.ruoyi.aiSys.controller.AiTypeController.add()', 'POST', 1, 'admin', '研发部门', '/aiSys/aiType', '127.0.0.1', '内网IP', '{\"aiGameList\":[],\"aiId\":5,\"aiName\":\"负极大值搜索\",\"params\":{}}', '{\"msg\":\"操作成功\",\"code\":200}', 0, NULL, '2025-02-13 17:28:05', 17);
INSERT INTO `sys_oper_log` VALUES (174, 'AI-Game具体产品', 1, 'com.ruoyi.aiSys.controller.AiGameController.add()', 'POST', 1, 'admin', '研发部门', '/aiSys/aiProduct', '127.0.0.1', '内网IP', '{\"aiTypeId\":1,\"gameTypeId\":1,\"id\":3,\"params\":{}}', '{\"msg\":\"操作成功\",\"code\":200}', 0, NULL, '2025-02-13 17:31:03', 13);
INSERT INTO `sys_oper_log` VALUES (175, 'AI-Game具体产品', 1, 'com.ruoyi.aiSys.controller.AiGameController.add()', 'POST', 1, 'admin', '研发部门', '/aiSys/aiProduct', '127.0.0.1', '内网IP', '{\"aiTypeId\":1,\"gameTypeId\":2,\"id\":4,\"params\":{}}', '{\"msg\":\"操作成功\",\"code\":200}', 0, NULL, '2025-02-13 17:31:15', 5);
INSERT INTO `sys_oper_log` VALUES (176, 'AI-Game具体产品', 1, 'com.ruoyi.aiSys.controller.AiGameController.add()', 'POST', 1, 'admin', '研发部门', '/aiSys/aiProduct', '127.0.0.1', '内网IP', '{\"aiTypeId\":1,\"gameTypeId\":4,\"id\":5,\"params\":{}}', '{\"msg\":\"操作成功\",\"code\":200}', 0, NULL, '2025-02-13 17:31:27', 7);
INSERT INTO `sys_oper_log` VALUES (177, 'AI-Game具体产品', 1, 'com.ruoyi.aiSys.controller.AiGameController.add()', 'POST', 1, 'admin', '研发部门', '/aiSys/aiProduct', '127.0.0.1', '内网IP', '{\"aiTypeId\":1,\"gameTypeId\":5,\"id\":6,\"params\":{}}', '{\"msg\":\"操作成功\",\"code\":200}', 0, NULL, '2025-02-13 17:31:32', 12);
INSERT INTO `sys_oper_log` VALUES (178, 'AI-Game具体产品', 1, 'com.ruoyi.aiSys.controller.AiGameController.add()', 'POST', 1, 'admin', '研发部门', '/aiSys/aiProduct', '127.0.0.1', '内网IP', '{\"aiTypeId\":2,\"gameTypeId\":3,\"id\":7,\"params\":{}}', '{\"msg\":\"操作成功\",\"code\":200}', 0, NULL, '2025-02-13 17:31:47', 14);
INSERT INTO `sys_oper_log` VALUES (179, 'AI-Game具体产品', 1, 'com.ruoyi.aiSys.controller.AiGameController.add()', 'POST', 1, 'admin', '研发部门', '/aiSys/aiProduct', '127.0.0.1', '内网IP', '{\"aiTypeId\":2,\"gameTypeId\":4,\"id\":8,\"params\":{}}', '{\"msg\":\"操作成功\",\"code\":200}', 0, NULL, '2025-02-13 17:31:53', 6);
INSERT INTO `sys_oper_log` VALUES (180, 'AI-Game具体产品', 1, 'com.ruoyi.aiSys.controller.AiGameController.add()', 'POST', 1, 'admin', '研发部门', '/aiSys/aiProduct', '127.0.0.1', '内网IP', '{\"aiTypeId\":2,\"gameTypeId\":5,\"id\":9,\"params\":{}}', '{\"msg\":\"操作成功\",\"code\":200}', 0, NULL, '2025-02-13 17:32:00', 0);
INSERT INTO `sys_oper_log` VALUES (181, 'AI-Game具体产品', 1, 'com.ruoyi.aiSys.controller.AiGameController.add()', 'POST', 1, 'admin', '研发部门', '/aiSys/aiProduct', '127.0.0.1', '内网IP', '{\"aiTypeId\":3,\"gameTypeId\":2,\"id\":10,\"params\":{}}', '{\"msg\":\"操作成功\",\"code\":200}', 0, NULL, '2025-02-13 17:32:07', 5);
INSERT INTO `sys_oper_log` VALUES (182, 'AI-Game具体产品', 1, 'com.ruoyi.aiSys.controller.AiGameController.add()', 'POST', 1, 'admin', '研发部门', '/aiSys/aiProduct', '127.0.0.1', '内网IP', '{\"aiTypeId\":4,\"gameTypeId\":2,\"id\":11,\"params\":{}}', '{\"msg\":\"操作成功\",\"code\":200}', 0, NULL, '2025-02-13 17:32:20', 8);
INSERT INTO `sys_oper_log` VALUES (183, 'AI-Game具体产品', 2, 'com.ruoyi.aiSys.controller.AiGameController.edit()', 'PUT', 1, 'admin', '研发部门', '/aiSys/aiProduct', '127.0.0.1', '内网IP', '{\"aiTypeId\":3,\"challengedCount\":0,\"gameTypeId\":3,\"id\":10,\"level\":1,\"params\":{},\"winCount\":0}', '{\"msg\":\"操作成功\",\"code\":200}', 0, NULL, '2025-02-13 17:32:31', 6);
INSERT INTO `sys_oper_log` VALUES (184, 'AI-Game具体产品', 1, 'com.ruoyi.aiSys.controller.AiGameController.add()', 'POST', 1, 'admin', '研发部门', '/aiSys/aiProduct', '127.0.0.1', '内网IP', '{\"aiTypeId\":5,\"gameTypeId\":4,\"id\":12,\"params\":{}}', '{\"msg\":\"操作成功\",\"code\":200}', 0, NULL, '2025-02-13 17:32:41', 17);
INSERT INTO `sys_oper_log` VALUES (185, 'AI-Game具体产品', 1, 'com.ruoyi.aiSys.controller.AiGameController.add()', 'POST', 1, 'admin', '研发部门', '/aiSys/aiProduct', '127.0.0.1', '内网IP', '{\"aiTypeId\":5,\"gameTypeId\":5,\"id\":13,\"params\":{}}', '{\"msg\":\"操作成功\",\"code\":200}', 0, NULL, '2025-02-13 17:32:50', 13);
INSERT INTO `sys_oper_log` VALUES (186, '用户管理', 2, 'com.ruoyi.web.controller.system.SysUserController.edit()', 'PUT', 1, 'admin', '研发部门', '/system/user', '127.0.0.1', '内网IP', '{\"admin\":false,\"avatar\":\"\",\"createBy\":\"admin\",\"createTime\":\"2025-02-01 15:48:19\",\"delFlag\":\"0\",\"dept\":{\"ancestors\":\"0,100,101\",\"children\":[],\"deptId\":105,\"deptName\":\"测试部门\",\"leader\":\"若依\",\"orderNum\":3,\"params\":{},\"parentId\":101,\"status\":\"0\"},\"email\":\"ry@qq.com\",\"loginDate\":\"2025-02-01 15:48:19\",\"loginIp\":\"127.0.0.1\",\"nickName\":\"若依\",\"params\":{},\"phonenumber\":\"15666666666\",\"postIds\":[2],\"remark\":\"测试员\",\"roleIds\":[2],\"roles\":[{\"admin\":false,\"dataScope\":\"2\",\"deptCheckStrictly\":false,\"flag\":false,\"menuCheckStrictly\":false,\"params\":{},\"roleId\":2,\"roleKey\":\"common\",\"roleName\":\"普通角色\",\"roleSort\":2,\"status\":\"0\"}],\"sex\":\"1\",\"status\":\"0\",\"updateBy\":\"admin\",\"userId\":2,\"userName\":\"ry\"}', '{\"msg\":\"操作成功\",\"code\":200}', 0, NULL, '2025-02-13 18:46:36', 18);
INSERT INTO `sys_oper_log` VALUES (187, '用户管理', 2, 'com.ruoyi.web.controller.system.SysUserController.edit()', 'PUT', 1, 'admin', '研发部门', '/system/user', '127.0.0.1', '内网IP', '{\"admin\":false,\"avatar\":\"\",\"createBy\":\"admin\",\"createTime\":\"2025-02-01 15:48:19\",\"delFlag\":\"0\",\"dept\":{\"ancestors\":\"0,100,101\",\"children\":[],\"deptId\":105,\"deptName\":\"测试部门\",\"leader\":\"若依\",\"orderNum\":3,\"params\":{},\"parentId\":101,\"status\":\"0\"},\"deptId\":105,\"email\":\"ry@qq.com\",\"loginDate\":\"2025-02-01 15:48:19\",\"loginIp\":\"127.0.0.1\",\"nickName\":\"若依\",\"params\":{},\"phonenumber\":\"15666666666\",\"postIds\":[],\"remark\":\"测试员\",\"roleIds\":[2],\"roles\":[{\"admin\":false,\"dataScope\":\"2\",\"deptCheckStrictly\":false,\"flag\":false,\"menuCheckStrictly\":false,\"params\":{},\"roleId\":2,\"roleKey\":\"common\",\"roleName\":\"普通角色\",\"roleSort\":2,\"status\":\"0\"}],\"sex\":\"1\",\"status\":\"0\",\"updateBy\":\"admin\",\"userId\":2,\"userName\":\"ry\"}', '{\"msg\":\"操作成功\",\"code\":200}', 0, NULL, '2025-02-13 18:46:57', 10);
INSERT INTO `sys_oper_log` VALUES (188, '用户管理', 1, 'com.ruoyi.web.controller.system.SysUserController.add()', 'POST', 1, 'admin', '研发部门', '/system/user', '127.0.0.1', '内网IP', '{\"admin\":false,\"createBy\":\"admin\",\"nickName\":\"测试\",\"params\":{},\"postIds\":[],\"roleIds\":[2],\"sex\":\"0\",\"status\":\"0\",\"userId\":100,\"userName\":\"aaa\"}', '{\"msg\":\"操作成功\",\"code\":200}', 0, NULL, '2025-02-13 18:48:33', 89);
INSERT INTO `sys_oper_log` VALUES (189, '角色管理', 2, 'com.ruoyi.web.controller.system.SysRoleController.edit()', 'PUT', 1, 'admin', '研发部门', '/system/role', '127.0.0.1', '内网IP', '{\"admin\":false,\"createTime\":\"2025-02-01 15:48:19\",\"dataScope\":\"2\",\"delFlag\":\"0\",\"deptCheckStrictly\":true,\"flag\":false,\"menuCheckStrictly\":true,\"menuIds\":[1,100,1000,1001,1002,1003,1004,1005,1006,101,1007,1008,1009,1010,1011,102,1012,1013,1014,1015,103,1016,1017,1018,1019,104,1020,1021,1022,1023,1024,105,1025,1026,1027,1028,1029,106,1030,1031,1032,1033,1034,107,1035,1036,1037,1038,108,500,1039,1040,1041,501,1042,1043,1044,1045,3,115,116,1055,1056,1057,1058,1059,1060,117,2,109,1046,1047,1048,110,1049,1050,1051,1052,1053,1054,111,112,113,114,4],\"params\":{},\"remark\":\"普通角色\",\"roleId\":2,\"roleKey\":\"common\",\"roleName\":\"玩家\",\"roleSort\":2,\"status\":\"0\",\"updateBy\":\"admin\"}', '{\"msg\":\"操作成功\",\"code\":200}', 0, NULL, '2025-02-13 19:45:40', 15);
INSERT INTO `sys_oper_log` VALUES (190, '菜单管理', 2, 'com.ruoyi.web.controller.system.SysMenuController.edit()', 'PUT', 1, 'admin', '研发部门', '/system/menu', '127.0.0.1', '内网IP', '{\"children\":[],\"component\":\"system/dept/index\",\"createTime\":\"2025-02-01 15:48:19\",\"icon\":\"tree\",\"isCache\":\"0\",\"isFrame\":\"1\",\"menuId\":103,\"menuName\":\"部门管理\",\"menuType\":\"C\",\"orderNum\":4,\"params\":{},\"parentId\":1,\"path\":\"dept\",\"perms\":\"system:dept:list\",\"query\":\"\",\"routeName\":\"\",\"status\":\"1\",\"updateBy\":\"admin\",\"visible\":\"0\"}', '{\"msg\":\"操作成功\",\"code\":200}', 0, NULL, '2025-02-13 20:18:40', 10);
INSERT INTO `sys_oper_log` VALUES (191, '菜单管理', 2, 'com.ruoyi.web.controller.system.SysMenuController.edit()', 'PUT', 1, 'admin', '研发部门', '/system/menu', '127.0.0.1', '内网IP', '{\"children\":[],\"component\":\"system/post/index\",\"createTime\":\"2025-02-01 15:48:19\",\"icon\":\"post\",\"isCache\":\"0\",\"isFrame\":\"1\",\"menuId\":104,\"menuName\":\"岗位管理\",\"menuType\":\"C\",\"orderNum\":5,\"params\":{},\"parentId\":1,\"path\":\"post\",\"perms\":\"system:post:list\",\"query\":\"\",\"routeName\":\"\",\"status\":\"1\",\"updateBy\":\"admin\",\"visible\":\"0\"}', '{\"msg\":\"操作成功\",\"code\":200}', 0, NULL, '2025-02-13 20:18:47', 15);
INSERT INTO `sys_oper_log` VALUES (192, '代码生成', 2, 'com.ruoyi.generator.controller.GenController.editSave()', 'PUT', 1, 'admin', '研发部门', '/tool/gen', '127.0.0.1', '内网IP', '{\"businessName\":\"ranking\",\"className\":\"Player\",\"columns\":[{\"capJavaField\":\"UserId\",\"columnComment\":\"用户编号\",\"columnId\":17,\"columnName\":\"user_id\",\"columnType\":\"bigint\",\"createBy\":\"admin\",\"createTime\":\"2025-02-13 01:07:36\",\"dictType\":\"\",\"edit\":false,\"htmlType\":\"input\",\"increment\":false,\"insert\":false,\"isIncrement\":\"0\",\"isInsert\":\"0\",\"isList\":\"1\",\"isPk\":\"1\",\"isRequired\":\"0\",\"javaField\":\"userId\",\"javaType\":\"Long\",\"list\":true,\"params\":{},\"pk\":true,\"query\":false,\"queryType\":\"EQ\",\"required\":false,\"sort\":1,\"superColumn\":false,\"tableId\":4,\"updateBy\":\"\",\"usableColumn\":false},{\"capJavaField\":\"Raking\",\"columnComment\":\"天梯积分\",\"columnId\":18,\"columnName\":\"raking\",\"columnType\":\"int\",\"createBy\":\"admin\",\"createTime\":\"2025-02-13 01:07:36\",\"dictType\":\"\",\"edit\":false,\"htmlType\":\"input\",\"increment\":false,\"insert\":false,\"isEdit\":\"0\",\"isIncrement\":\"0\",\"isInsert\":\"0\",\"isList\":\"1\",\"isPk\":\"0\",\"isQuery\":\"0\",\"isRequired\":\"1\",\"javaField\":\"raking\",\"javaType\":\"Long\",\"list\":true,\"params\":{},\"pk\":false,\"query\":false,\"queryType\":\"EQ\",\"required\":true,\"sort\":2,\"superColumn\":false,\"tableId\":4,\"updateBy\":\"\",\"usableColumn\":false},{\"capJavaField\":\"RecordWithAi\",\"columnComment\":\"与AI对战记录\",\"columnId\":19,\"columnName\":\"record_with_ai\",\"columnType\":\"varchar(2000)\",\"createBy\":\"admin\",\"createTime\":\"2025-02-13 01:07:36\",\"dictType\":\"\",\"edit\":false,\"htmlType\":\"textarea\",\"increment\":false,\"insert\":false,\"isEdit\":\"0\",\"isIncrement\":\"0\",\"isInsert\":\"0\",\"isList\":\"1\",\"isPk\":\"0\",\"isQuery\":\"0\",\"isRequired\":\"0\",\"javaField\":\"recordWithAi\",\"javaType\":\"String\",\"list\":true,\"params\":{},\"pk\":false,\"query\":false,\"queryType\":\"EQ\",\"required\":false,\"sort\":3,\"superColumn\":false,\"tableId\":4,\"updateBy\":\"\",\"usableColumn\":false},{\"capJavaField\":\"RecordWithPlayer\",\"columnComment\":\"与玩家对战记录\",\"columnId\":20,\"columnName\":\"record_with_player\",\"columnType\":\"varchar(2000)\",\"createBy\":\"admin\",\"createTime\":\"2025-02-13 01:07:36\",\"dictType\":\"\",\"edit\":false,\"htmlType\":\"textarea\",\"increment\":false,\"insert\":false,\"isEdit\":\"0\",\"isIncrement\":\"0\",\"isInsert\":\"0\",\"', '{\"msg\":\"操作成功\",\"code\":200}', 0, NULL, '2025-02-13 20:21:55', 12);
INSERT INTO `sys_oper_log` VALUES (193, '代码生成', 2, 'com.ruoyi.generator.controller.GenController.editSave()', 'PUT', 1, 'admin', '研发部门', '/tool/gen', '127.0.0.1', '内网IP', '{\"businessName\":\"record\",\"className\":\"Record\",\"columns\":[{\"capJavaField\":\"RecordId\",\"columnComment\":\"对局编号\",\"columnId\":21,\"columnName\":\"record_id\",\"columnType\":\"int\",\"createBy\":\"admin\",\"createTime\":\"2025-02-13 01:07:36\",\"dictType\":\"\",\"edit\":false,\"htmlType\":\"input\",\"increment\":true,\"insert\":false,\"isIncrement\":\"1\",\"isInsert\":\"0\",\"isPk\":\"1\",\"isRequired\":\"0\",\"javaField\":\"recordId\",\"javaType\":\"Long\",\"list\":false,\"params\":{},\"pk\":true,\"query\":false,\"queryType\":\"EQ\",\"required\":false,\"sort\":1,\"superColumn\":false,\"tableId\":5,\"updateBy\":\"\",\"usableColumn\":false},{\"capJavaField\":\"GameTypeId\",\"columnComment\":\"游戏类别\",\"columnId\":22,\"columnName\":\"game_type_id\",\"columnType\":\"int\",\"createBy\":\"admin\",\"createTime\":\"2025-02-13 01:07:36\",\"dictType\":\"game_type\",\"edit\":false,\"htmlType\":\"input\",\"increment\":false,\"insert\":false,\"isEdit\":\"0\",\"isIncrement\":\"0\",\"isInsert\":\"0\",\"isList\":\"1\",\"isPk\":\"0\",\"isQuery\":\"1\",\"isRequired\":\"1\",\"javaField\":\"gameTypeId\",\"javaType\":\"Long\",\"list\":true,\"params\":{},\"pk\":false,\"query\":true,\"queryType\":\"EQ\",\"required\":true,\"sort\":2,\"superColumn\":false,\"tableId\":5,\"updateBy\":\"\",\"usableColumn\":false},{\"capJavaField\":\"RecordTime\",\"columnComment\":\"对局时间\",\"columnId\":23,\"columnName\":\"record_time\",\"columnType\":\"timestamp\",\"createBy\":\"admin\",\"createTime\":\"2025-02-13 01:07:36\",\"dictType\":\"\",\"edit\":false,\"htmlType\":\"datetime\",\"increment\":false,\"insert\":false,\"isEdit\":\"0\",\"isIncrement\":\"0\",\"isInsert\":\"0\",\"isList\":\"1\",\"isPk\":\"0\",\"isQuery\":\"1\",\"isRequired\":\"1\",\"javaField\":\"recordTime\",\"javaType\":\"Date\",\"list\":true,\"params\":{},\"pk\":false,\"query\":true,\"queryType\":\"EQ\",\"required\":true,\"sort\":3,\"superColumn\":false,\"tableId\":5,\"updateBy\":\"\",\"usableColumn\":false},{\"capJavaField\":\"IsPkAi\",\"columnComment\":\"是否与AI对战\",\"columnId\":24,\"columnName\":\"is_pk_ai\",\"columnType\":\"tinyint(1)\",\"createBy\":\"admin\",\"createTime\":\"2025-02-13 01:07:36\",\"dictType\":\"\",\"edit\":false,\"htmlType\":\"input\",\"increment\":false,\"insert\":false,\"isEdit\":\"0\",\"isIncrement\":\"0\",\"isInsert\":\"0\",\"isList\":\"1\",\"isPk\":\"0\",\"isQuery\":', '{\"msg\":\"操作成功\",\"code\":200}', 0, NULL, '2025-02-13 20:26:22', 16);
INSERT INTO `sys_oper_log` VALUES (194, '代码生成', 8, 'com.ruoyi.generator.controller.GenController.batchGenCode()', 'GET', 1, 'admin', '研发部门', '/tool/gen/batchGenCode', '127.0.0.1', '内网IP', '{\"tables\":\"player,record\"}', NULL, 0, NULL, '2025-02-13 20:27:08', 76);
INSERT INTO `sys_oper_log` VALUES (195, '菜单管理', 2, 'com.gamehive.controller.web.system.SysMenuController.edit()', 'PUT', 1, 'admin', '研发部门', '/system/menu', '127.0.0.1', '内网IP', '{\"children\":[],\"createTime\":\"2025-02-13 01:18:03\",\"icon\":\"people\",\"isCache\":\"0\",\"isFrame\":\"1\",\"menuId\":2000,\"menuName\":\"AI介绍\",\"menuType\":\"C\",\"orderNum\":1,\"params\":{},\"parentId\":0,\"path\":\"AIInfo\",\"perms\":\"\",\"routeName\":\"\",\"status\":\"0\",\"updateBy\":\"admin\",\"visible\":\"0\"}', '{\"msg\":\"操作成功\",\"code\":200}', 0, NULL, '2025-05-04 23:19:39', 17);
INSERT INTO `sys_oper_log` VALUES (196, '菜单管理', 2, 'com.gamehive.controller.web.system.SysMenuController.edit()', 'PUT', 1, 'admin', '研发部门', '/system/menu', '127.0.0.1', '内网IP', '{\"children\":[],\"component\":\"ranking/ranking/index\",\"createTime\":\"2025-02-13 20:27:34\",\"icon\":\"#\",\"isCache\":\"0\",\"isFrame\":\"1\",\"menuId\":2021,\"menuName\":\"天梯排行\",\"menuType\":\"C\",\"orderNum\":1,\"params\":{},\"parentId\":0,\"path\":\"ranking\",\"perms\":\"ranking:ranking:list\",\"routeName\":\"\",\"status\":\"0\",\"updateBy\":\"admin\",\"visible\":\"0\"}', '{\"msg\":\"操作成功\",\"code\":200}', 0, NULL, '2025-05-04 23:20:06', 5);
INSERT INTO `sys_oper_log` VALUES (197, '菜单管理', 2, 'com.gamehive.controller.web.system.SysMenuController.edit()', 'PUT', 1, 'admin', '研发部门', '/system/menu', '127.0.0.1', '内网IP', '{\"children\":[],\"component\":\"ranking/ranking/index\",\"createTime\":\"2025-02-13 20:27:34\",\"icon\":\"#\",\"isCache\":\"0\",\"isFrame\":\"1\",\"menuId\":2021,\"menuName\":\"天梯排行\",\"menuType\":\"C\",\"orderNum\":2,\"params\":{},\"parentId\":0,\"path\":\"ranking\",\"perms\":\"ranking:ranking:list\",\"routeName\":\"\",\"status\":\"0\",\"updateBy\":\"admin\",\"visible\":\"0\"}', '{\"msg\":\"操作成功\",\"code\":200}', 0, NULL, '2025-05-04 23:20:19', 14);
INSERT INTO `sys_oper_log` VALUES (198, '菜单管理', 3, 'com.gamehive.controller.web.system.SysMenuController.remove()', 'DELETE', 1, 'admin', '研发部门', '/system/menu/2027', '127.0.0.1', '内网IP', '2027', '{\"msg\":\"存在子菜单,不允许删除\",\"code\":601}', 0, NULL, '2025-05-04 23:20:25', 3);
INSERT INTO `sys_oper_log` VALUES (199, '菜单管理', 3, 'com.gamehive.controller.web.system.SysMenuController.remove()', 'DELETE', 1, 'admin', '研发部门', '/system/menu/2027', '127.0.0.1', '内网IP', '2027', '{\"msg\":\"存在子菜单,不允许删除\",\"code\":601}', 0, NULL, '2025-05-04 23:20:42', 2);
INSERT INTO `sys_oper_log` VALUES (200, '菜单管理', 3, 'com.gamehive.controller.web.system.SysMenuController.remove()', 'DELETE', 1, 'admin', '研发部门', '/system/menu/2002', '127.0.0.1', '内网IP', '2002', '{\"msg\":\"存在子菜单,不允许删除\",\"code\":601}', 0, NULL, '2025-05-04 23:20:49', 2);
INSERT INTO `sys_oper_log` VALUES (201, '菜单管理', 3, 'com.gamehive.controller.web.system.SysMenuController.remove()', 'DELETE', 1, 'admin', '研发部门', '/system/menu/2028', '127.0.0.1', '内网IP', '2028', '{\"msg\":\"操作成功\",\"code\":200}', 0, NULL, '2025-05-04 23:20:58', 15);
INSERT INTO `sys_oper_log` VALUES (202, '菜单管理', 3, 'com.gamehive.controller.web.system.SysMenuController.remove()', 'DELETE', 1, 'admin', '研发部门', '/system/menu/2029', '127.0.0.1', '内网IP', '2029', '{\"msg\":\"操作成功\",\"code\":200}', 0, NULL, '2025-05-04 23:21:01', 8);
INSERT INTO `sys_oper_log` VALUES (203, '菜单管理', 3, 'com.gamehive.controller.web.system.SysMenuController.remove()', 'DELETE', 1, 'admin', '研发部门', '/system/menu/2030', '127.0.0.1', '内网IP', '2030', '{\"msg\":\"操作成功\",\"code\":200}', 0, NULL, '2025-05-04 23:21:04', 6);
INSERT INTO `sys_oper_log` VALUES (204, '菜单管理', 3, 'com.gamehive.controller.web.system.SysMenuController.remove()', 'DELETE', 1, 'admin', '研发部门', '/system/menu/2031', '127.0.0.1', '内网IP', '2031', '{\"msg\":\"操作成功\",\"code\":200}', 0, NULL, '2025-05-04 23:21:06', 7);
INSERT INTO `sys_oper_log` VALUES (205, '菜单管理', 3, 'com.gamehive.controller.web.system.SysMenuController.remove()', 'DELETE', 1, 'admin', '研发部门', '/system/menu/2032', '127.0.0.1', '内网IP', '2032', '{\"msg\":\"操作成功\",\"code\":200}', 0, NULL, '2025-05-04 23:21:08', 5);
INSERT INTO `sys_oper_log` VALUES (206, '菜单管理', 3, 'com.gamehive.controller.web.system.SysMenuController.remove()', 'DELETE', 1, 'admin', '研发部门', '/system/menu/2027', '127.0.0.1', '内网IP', '2027', '{\"msg\":\"操作成功\",\"code\":200}', 0, NULL, '2025-05-04 23:21:11', 15);
INSERT INTO `sys_oper_log` VALUES (207, '菜单管理', 3, 'com.gamehive.controller.web.system.SysMenuController.remove()', 'DELETE', 1, 'admin', '研发部门', '/system/menu/2002', '127.0.0.1', '内网IP', '2002', '{\"msg\":\"操作成功\",\"code\":200}', 0, NULL, '2025-05-04 23:21:18', 15);
INSERT INTO `sys_oper_log` VALUES (208, '菜单管理', 2, 'com.gamehive.controller.web.system.SysMenuController.edit()', 'PUT', 1, 'admin', '研发部门', '/system/menu', '127.0.0.1', '内网IP', '{\"children\":[],\"createTime\":\"2025-02-13 01:18:03\",\"icon\":\"people\",\"isCache\":\"0\",\"isFrame\":\"1\",\"menuId\":2000,\"menuName\":\"AI介绍\",\"menuType\":\"C\",\"orderNum\":1,\"params\":{},\"parentId\":0,\"path\":\"aiInfo\",\"perms\":\"\",\"routeName\":\"\",\"status\":\"0\",\"updateBy\":\"admin\",\"visible\":\"0\"}', '{\"msg\":\"操作成功\",\"code\":200}', 0, NULL, '2025-05-04 23:22:16', 13);
INSERT INTO `sys_oper_log` VALUES (209, '菜单管理', 2, 'com.gamehive.controller.web.system.SysMenuController.edit()', 'PUT', 1, 'admin', '研发部门', '/system/menu', '127.0.0.1', '内网IP', '{\"children\":[],\"component\":\"aiInfo/index\",\"createTime\":\"2025-02-13 01:18:03\",\"icon\":\"people\",\"isCache\":\"0\",\"isFrame\":\"1\",\"menuId\":2000,\"menuName\":\"AI介绍\",\"menuType\":\"C\",\"orderNum\":1,\"params\":{},\"parentId\":0,\"path\":\"aiInfo\",\"perms\":\"\",\"routeName\":\"\",\"status\":\"0\",\"updateBy\":\"admin\",\"visible\":\"0\"}', '{\"msg\":\"操作成功\",\"code\":200}', 0, NULL, '2025-05-04 23:22:45', 7);
INSERT INTO `sys_oper_log` VALUES (210, 'AI类型', 2, 'com.gamehive.controller.AiTypeController.edit()', 'PUT', 1, 'admin', '研发部门', '/aiSys/aiType', '127.0.0.1', '内网IP', '{\"aiGameList\":[{\"aiTypeId\":1,\"challengedCount\":0,\"gameTypeId\":1,\"id\":3,\"level\":1,\"params\":{},\"winCount\":0},{\"aiTypeId\":1,\"challengedCount\":0,\"gameTypeId\":2,\"id\":4,\"level\":1,\"params\":{},\"winCount\":0},{\"aiTypeId\":1,\"challengedCount\":0,\"gameTypeId\":4,\"id\":5,\"level\":1,\"params\":{},\"winCount\":0},{\"aiTypeId\":1,\"challengedCount\":0,\"gameTypeId\":5,\"id\":6,\"level\":1,\"params\":{},\"winCount\":0}],\"aiId\":1,\"aiName\":\"极小值极大搜索\",\"params\":{}}', '{\"msg\":\"操作成功\",\"code\":200}', 0, NULL, '2025-05-04 23:23:18', 28);
INSERT INTO `sys_oper_log` VALUES (211, 'AI类型', 2, 'com.gamehive.controller.AiTypeController.edit()', 'PUT', 1, 'admin', '研发部门', '/aiSys/aiType', '127.0.0.1', '内网IP', '{\"aiGameList\":[{\"aiTypeId\":2,\"challengedCount\":0,\"gameTypeId\":3,\"id\":7,\"level\":1,\"params\":{},\"winCount\":0},{\"aiTypeId\":2,\"challengedCount\":0,\"gameTypeId\":4,\"id\":8,\"level\":1,\"params\":{},\"winCount\":0},{\"aiTypeId\":2,\"challengedCount\":0,\"gameTypeId\":5,\"id\":9,\"level\":1,\"params\":{},\"winCount\":0}],\"aiId\":2,\"aiName\":\"蒙特卡洛树搜索\",\"params\":{}}', '{\"msg\":\"操作成功\",\"code\":200}', 0, NULL, '2025-05-04 23:23:25', 8);
INSERT INTO `sys_oper_log` VALUES (212, 'AI类型', 3, 'com.gamehive.controller.AiTypeController.remove()', 'DELETE', 1, 'admin', '研发部门', '/aiSys/aiType/3', '127.0.0.1', '内网IP', '[3]', '{\"msg\":\"操作成功\",\"code\":200}', 0, NULL, '2025-05-04 23:23:28', 8);
INSERT INTO `sys_oper_log` VALUES (213, '代码生成', 6, 'com.gamehive.generator.controller.GenController.importTableSave()', 'POST', 1, 'admin', '研发部门', '/tool/gen/importTable', '127.0.0.1', '内网IP', '{\"tables\":\"game_type\"}', '{\"msg\":\"操作成功\",\"code\":200}', 0, NULL, '2025-05-05 01:57:05', 129);
INSERT INTO `sys_oper_log` VALUES (214, '代码生成', 6, 'com.gamehive.generator.controller.GenController.importTableSave()', 'POST', 1, 'admin', '研发部门', '/tool/gen/importTable', '127.0.0.1', '内网IP', '{\"tables\":\"record,player,product,algorithm_type\"}', '{\"msg\":\"操作成功\",\"code\":200}', 0, NULL, '2025-05-05 01:57:15', 73);
INSERT INTO `sys_oper_log` VALUES (215, '代码生成', 2, 'com.gamehive.generator.controller.GenController.editSave()', 'PUT', 1, 'admin', '研发部门', '/tool/gen', '127.0.0.1', '内网IP', '{\"businessName\":\"player\",\"className\":\"Player\",\"columns\":[{\"capJavaField\":\"UserId\",\"columnComment\":\"用户id\",\"columnId\":42,\"columnName\":\"user_id\",\"columnType\":\"bigint\",\"createBy\":\"admin\",\"createTime\":\"2025-05-05 01:57:15\",\"dictType\":\"\",\"edit\":false,\"htmlType\":\"input\",\"increment\":false,\"insert\":false,\"isIncrement\":\"0\",\"isInsert\":\"0\",\"isPk\":\"1\",\"isRequired\":\"0\",\"javaField\":\"userId\",\"javaType\":\"Long\",\"list\":false,\"params\":{},\"pk\":true,\"query\":false,\"queryType\":\"EQ\",\"required\":false,\"sort\":1,\"superColumn\":false,\"tableId\":8,\"updateBy\":\"\",\"usableColumn\":false},{\"capJavaField\":\"UserName\",\"columnComment\":\"用户昵称\",\"columnId\":43,\"columnName\":\"user_name\",\"columnType\":\"varchar(30)\",\"createBy\":\"admin\",\"createTime\":\"2025-05-05 01:57:15\",\"dictType\":\"\",\"edit\":false,\"htmlType\":\"input\",\"increment\":false,\"insert\":false,\"isEdit\":\"0\",\"isIncrement\":\"0\",\"isInsert\":\"0\",\"isList\":\"1\",\"isPk\":\"0\",\"isQuery\":\"1\",\"isRequired\":\"0\",\"javaField\":\"userName\",\"javaType\":\"String\",\"list\":true,\"params\":{},\"pk\":false,\"query\":true,\"queryType\":\"LIKE\",\"required\":false,\"sort\":2,\"superColumn\":false,\"tableId\":8,\"updateBy\":\"\",\"usableColumn\":false},{\"capJavaField\":\"Raking\",\"columnComment\":\"天梯积分\",\"columnId\":44,\"columnName\":\"raking\",\"columnType\":\"int\",\"createBy\":\"admin\",\"createTime\":\"2025-05-05 01:57:15\",\"dictType\":\"\",\"edit\":false,\"htmlType\":\"input\",\"increment\":false,\"insert\":false,\"isEdit\":\"0\",\"isIncrement\":\"0\",\"isInsert\":\"0\",\"isList\":\"1\",\"isPk\":\"0\",\"isQuery\":\"0\",\"isRequired\":\"0\",\"javaField\":\"raking\",\"javaType\":\"Long\",\"list\":true,\"params\":{},\"pk\":false,\"query\":false,\"queryType\":\"EQ\",\"required\":false,\"sort\":3,\"superColumn\":false,\"tableId\":8,\"updateBy\":\"\",\"usableColumn\":false},{\"capJavaField\":\"RecordWithAi\",\"columnComment\":\"玩家与AI对战统计信息\",\"columnId\":45,\"columnName\":\"record_with_ai\",\"columnType\":\"text\",\"createBy\":\"admin\",\"createTime\":\"2025-05-05 01:57:15\",\"dictType\":\"\",\"edit\":false,\"htmlType\":\"textarea\",\"increment\":false,\"insert\":false,\"isEdit\":\"0\",\"isIncrement\":\"0\",\"isInsert\":\"0\",\"isList\":\"0\",\"isPk\":\"0\",\"isQuery\":\"0\",\"isRequi', '{\"msg\":\"操作成功\",\"code\":200}', 0, NULL, '2025-05-05 02:04:15', 24);
INSERT INTO `sys_oper_log` VALUES (216, '代码生成', 2, 'com.gamehive.generator.controller.GenController.editSave()', 'PUT', 1, 'admin', '研发部门', '/tool/gen', '127.0.0.1', '内网IP', '{\"businessName\":\"type\",\"className\":\"AlgorithmType\",\"columns\":[{\"capJavaField\":\"AlgorithmId\",\"columnComment\":\"算法类型ID\",\"columnId\":39,\"columnName\":\"algorithm_id\",\"columnType\":\"int\",\"createBy\":\"admin\",\"createTime\":\"2025-05-05 01:57:15\",\"dictType\":\"\",\"edit\":false,\"htmlType\":\"input\",\"increment\":true,\"insert\":false,\"isIncrement\":\"1\",\"isInsert\":\"0\",\"isPk\":\"1\",\"isRequired\":\"0\",\"javaField\":\"algorithmId\",\"javaType\":\"Long\",\"list\":false,\"params\":{},\"pk\":true,\"query\":false,\"queryType\":\"EQ\",\"required\":false,\"sort\":1,\"superColumn\":false,\"tableId\":7,\"updateBy\":\"\",\"usableColumn\":false},{\"capJavaField\":\"AlgorithmName\",\"columnComment\":\"算法名称\",\"columnId\":40,\"columnName\":\"algorithm_name\",\"columnType\":\"varchar(50)\",\"createBy\":\"admin\",\"createTime\":\"2025-05-05 01:57:15\",\"dictType\":\"\",\"edit\":true,\"htmlType\":\"select\",\"increment\":false,\"insert\":true,\"isEdit\":\"1\",\"isIncrement\":\"0\",\"isInsert\":\"1\",\"isList\":\"1\",\"isPk\":\"0\",\"isQuery\":\"1\",\"isRequired\":\"1\",\"javaField\":\"algorithmName\",\"javaType\":\"String\",\"list\":true,\"params\":{},\"pk\":false,\"query\":true,\"queryType\":\"LIKE\",\"required\":true,\"sort\":2,\"superColumn\":false,\"tableId\":7,\"updateBy\":\"\",\"usableColumn\":false},{\"capJavaField\":\"AlgorithmIntroduction\",\"columnComment\":\"算法思想简介\",\"columnId\":41,\"columnName\":\"algorithm_introduction\",\"columnType\":\"varchar(500)\",\"createBy\":\"admin\",\"createTime\":\"2025-05-05 01:57:15\",\"dictType\":\"\",\"edit\":true,\"htmlType\":\"textarea\",\"increment\":false,\"insert\":true,\"isEdit\":\"1\",\"isIncrement\":\"0\",\"isInsert\":\"1\",\"isList\":\"1\",\"isPk\":\"0\",\"isQuery\":\"0\",\"isRequired\":\"0\",\"javaField\":\"algorithmIntroduction\",\"javaType\":\"String\",\"list\":true,\"params\":{},\"pk\":false,\"query\":false,\"queryType\":\"EQ\",\"required\":false,\"sort\":3,\"superColumn\":false,\"tableId\":7,\"updateBy\":\"\",\"usableColumn\":false}],\"crud\":true,\"functionAuthor\":\"ruoyi\",\"functionName\":\"算法类型\",\"genPath\":\"/\",\"genType\":\"0\",\"moduleName\":\"system\",\"options\":\"{}\",\"packageName\":\"com.gamehive.system\",\"params\":{},\"sub\":false,\"tableComment\":\"算法类型表\",\"tableId\":7,\"tableName\":\"algorithm_type\",\"tplCategory\"', '{\"msg\":\"操作成功\",\"code\":200}', 0, NULL, '2025-05-05 02:05:18', 10);
INSERT INTO `sys_oper_log` VALUES (217, '代码生成', 2, 'com.gamehive.generator.controller.GenController.editSave()', 'PUT', 1, 'admin', '研发部门', '/tool/gen', '127.0.0.1', '内网IP', '{\"businessName\":\"type\",\"className\":\"GameType\",\"columns\":[{\"capJavaField\":\"GameId\",\"columnId\":32,\"columnName\":\"game_id\",\"columnType\":\"int\",\"createBy\":\"admin\",\"createTime\":\"2025-05-05 01:57:05\",\"dictType\":\"\",\"edit\":false,\"htmlType\":\"input\",\"increment\":true,\"insert\":false,\"isIncrement\":\"1\",\"isInsert\":\"0\",\"isPk\":\"1\",\"isRequired\":\"0\",\"javaField\":\"gameId\",\"javaType\":\"Long\",\"list\":false,\"params\":{},\"pk\":true,\"query\":false,\"queryType\":\"EQ\",\"required\":false,\"sort\":1,\"superColumn\":false,\"tableId\":6,\"updateBy\":\"\",\"usableColumn\":false},{\"capJavaField\":\"GameName\",\"columnId\":33,\"columnName\":\"game_name\",\"columnType\":\"varchar(200)\",\"createBy\":\"admin\",\"createTime\":\"2025-05-05 01:57:05\",\"dictType\":\"\",\"edit\":true,\"htmlType\":\"input\",\"increment\":false,\"insert\":true,\"isEdit\":\"1\",\"isIncrement\":\"0\",\"isInsert\":\"1\",\"isList\":\"1\",\"isPk\":\"0\",\"isQuery\":\"1\",\"isRequired\":\"1\",\"javaField\":\"gameName\",\"javaType\":\"String\",\"list\":true,\"params\":{},\"pk\":false,\"query\":true,\"queryType\":\"LIKE\",\"required\":true,\"sort\":2,\"superColumn\":false,\"tableId\":6,\"updateBy\":\"\",\"usableColumn\":false},{\"capJavaField\":\"GameIntroduction\",\"columnComment\":\"游戏规则简介\",\"columnId\":34,\"columnName\":\"game_introduction\",\"columnType\":\"varchar(500)\",\"createBy\":\"admin\",\"createTime\":\"2025-05-05 01:57:05\",\"dictType\":\"\",\"edit\":true,\"htmlType\":\"textarea\",\"increment\":false,\"insert\":true,\"isEdit\":\"1\",\"isIncrement\":\"0\",\"isInsert\":\"1\",\"isList\":\"1\",\"isPk\":\"0\",\"isQuery\":\"1\",\"isRequired\":\"0\",\"javaField\":\"gameIntroduction\",\"javaType\":\"String\",\"list\":true,\"params\":{},\"pk\":false,\"query\":true,\"queryType\":\"LIKE\",\"required\":false,\"sort\":3,\"superColumn\":false,\"tableId\":6,\"updateBy\":\"\",\"usableColumn\":false},{\"capJavaField\":\"GameRule\",\"columnComment\":\"游戏规则\",\"columnId\":35,\"columnName\":\"game_rule\",\"columnType\":\"varchar(5000)\",\"createBy\":\"admin\",\"createTime\":\"2025-05-05 01:57:05\",\"dictType\":\"\",\"edit\":true,\"htmlType\":\"textarea\",\"increment\":false,\"insert\":true,\"isEdit\":\"1\",\"isIncrement\":\"0\",\"isInsert\":\"1\",\"isList\":\"0\",\"isPk\":\"0\",\"isQuery\":\"0\",\"isRequired\":\"0\",\"javaF', '{\"msg\":\"操作成功\",\"code\":200}', 0, NULL, '2025-05-05 02:06:55', 15);
INSERT INTO `sys_oper_log` VALUES (218, '代码生成', 2, 'com.gamehive.generator.controller.GenController.editSave()', 'PUT', 1, 'admin', '研发部门', '/tool/gen', '127.0.0.1', '内网IP', '{\"businessName\":\"product\",\"className\":\"Product\",\"columns\":[{\"capJavaField\":\"Id\",\"columnId\":47,\"columnName\":\"id\",\"columnType\":\"int\",\"createBy\":\"admin\",\"createTime\":\"2025-05-05 01:57:15\",\"dictType\":\"\",\"edit\":false,\"htmlType\":\"input\",\"increment\":true,\"insert\":false,\"isIncrement\":\"1\",\"isInsert\":\"0\",\"isPk\":\"1\",\"isRequired\":\"0\",\"javaField\":\"id\",\"javaType\":\"Long\",\"list\":false,\"params\":{},\"pk\":true,\"query\":false,\"queryType\":\"EQ\",\"required\":false,\"sort\":1,\"superColumn\":false,\"tableId\":9,\"updateBy\":\"\",\"usableColumn\":false},{\"capJavaField\":\"AlgorithmTypeId\",\"columnComment\":\"算法id\",\"columnId\":48,\"columnName\":\"algorithm_type_id\",\"columnType\":\"int\",\"createBy\":\"admin\",\"createTime\":\"2025-05-05 01:57:15\",\"dictType\":\"\",\"edit\":false,\"htmlType\":\"input\",\"increment\":false,\"insert\":false,\"isEdit\":\"0\",\"isIncrement\":\"0\",\"isInsert\":\"0\",\"isList\":\"0\",\"isPk\":\"0\",\"isQuery\":\"0\",\"isRequired\":\"0\",\"javaField\":\"algorithmTypeId\",\"javaType\":\"Long\",\"list\":false,\"params\":{},\"pk\":false,\"query\":false,\"queryType\":\"EQ\",\"required\":false,\"sort\":2,\"superColumn\":false,\"tableId\":9,\"updateBy\":\"\",\"usableColumn\":false},{\"capJavaField\":\"AlgorithmTypeName\",\"columnComment\":\"算法名称\",\"columnId\":49,\"columnName\":\"algorithm_type_name\",\"columnType\":\"varchar(50)\",\"createBy\":\"admin\",\"createTime\":\"2025-05-05 01:57:15\",\"dictType\":\"\",\"edit\":true,\"htmlType\":\"select\",\"increment\":false,\"insert\":true,\"isEdit\":\"1\",\"isIncrement\":\"0\",\"isInsert\":\"1\",\"isList\":\"1\",\"isPk\":\"0\",\"isQuery\":\"1\",\"isRequired\":\"1\",\"javaField\":\"algorithmTypeName\",\"javaType\":\"String\",\"list\":true,\"params\":{},\"pk\":false,\"query\":true,\"queryType\":\"LIKE\",\"required\":true,\"sort\":3,\"superColumn\":false,\"tableId\":9,\"updateBy\":\"\",\"usableColumn\":false},{\"capJavaField\":\"GameTypeId\",\"columnComment\":\"Game类型外键\",\"columnId\":50,\"columnName\":\"game_type_id\",\"columnType\":\"int\",\"createBy\":\"admin\",\"createTime\":\"2025-05-05 01:57:15\",\"dictType\":\"\",\"edit\":false,\"htmlType\":\"input\",\"increment\":false,\"insert\":false,\"isEdit\":\"0\",\"isIncrement\":\"0\",\"isInsert\":\"0\",\"isList\":\"0\",\"isPk\":\"0\",\"isQuery\":\"0\",\"', '{\"msg\":\"操作成功\",\"code\":200}', 0, NULL, '2025-05-05 02:09:17', 22);
INSERT INTO `sys_oper_log` VALUES (219, '代码生成', 2, 'com.gamehive.generator.controller.GenController.editSave()', 'PUT', 1, 'admin', '研发部门', '/tool/gen', '127.0.0.1', '内网IP', '{\"businessName\":\"product\",\"className\":\"Product\",\"columns\":[{\"capJavaField\":\"Id\",\"columnId\":47,\"columnName\":\"id\",\"columnType\":\"int\",\"createBy\":\"admin\",\"createTime\":\"2025-05-05 01:57:15\",\"dictType\":\"\",\"edit\":false,\"htmlType\":\"input\",\"increment\":true,\"insert\":false,\"isIncrement\":\"1\",\"isInsert\":\"0\",\"isPk\":\"1\",\"isRequired\":\"0\",\"javaField\":\"id\",\"javaType\":\"Long\",\"list\":false,\"params\":{},\"pk\":true,\"query\":false,\"queryType\":\"EQ\",\"required\":false,\"sort\":1,\"superColumn\":false,\"tableId\":9,\"updateBy\":\"\",\"updateTime\":\"2025-05-05 02:09:17\",\"usableColumn\":false},{\"capJavaField\":\"AlgorithmTypeId\",\"columnComment\":\"算法id\",\"columnId\":48,\"columnName\":\"algorithm_type_id\",\"columnType\":\"int\",\"createBy\":\"admin\",\"createTime\":\"2025-05-05 01:57:15\",\"dictType\":\"\",\"edit\":false,\"htmlType\":\"input\",\"increment\":false,\"insert\":false,\"isEdit\":\"0\",\"isIncrement\":\"0\",\"isInsert\":\"0\",\"isList\":\"0\",\"isPk\":\"0\",\"isQuery\":\"0\",\"isRequired\":\"0\",\"javaField\":\"algorithmTypeId\",\"javaType\":\"Long\",\"list\":false,\"params\":{},\"pk\":false,\"query\":false,\"queryType\":\"EQ\",\"required\":false,\"sort\":2,\"superColumn\":false,\"tableId\":9,\"updateBy\":\"\",\"updateTime\":\"2025-05-05 02:09:17\",\"usableColumn\":false},{\"capJavaField\":\"AlgorithmTypeName\",\"columnComment\":\"算法名称\",\"columnId\":49,\"columnName\":\"algorithm_type_name\",\"columnType\":\"varchar(50)\",\"createBy\":\"admin\",\"createTime\":\"2025-05-05 01:57:15\",\"dictType\":\"\",\"edit\":true,\"htmlType\":\"select\",\"increment\":false,\"insert\":true,\"isEdit\":\"1\",\"isIncrement\":\"0\",\"isInsert\":\"1\",\"isList\":\"1\",\"isPk\":\"0\",\"isQuery\":\"1\",\"isRequired\":\"1\",\"javaField\":\"algorithmTypeName\",\"javaType\":\"String\",\"list\":true,\"params\":{},\"pk\":false,\"query\":true,\"queryType\":\"LIKE\",\"required\":true,\"sort\":3,\"superColumn\":false,\"tableId\":9,\"updateBy\":\"\",\"updateTime\":\"2025-05-05 02:09:17\",\"usableColumn\":false},{\"capJavaField\":\"GameTypeId\",\"columnComment\":\"Game类型外键\",\"columnId\":50,\"columnName\":\"game_type_id\",\"columnType\":\"int\",\"createBy\":\"admin\",\"createTime\":\"2025-05-05 01:57:15\",\"dictType\":\"\",\"edit\":false,\"htmlType\":\"input\",\"increment\":f', '{\"msg\":\"操作成功\",\"code\":200}', 0, NULL, '2025-05-05 02:10:01', 14);
INSERT INTO `sys_oper_log` VALUES (220, '菜单管理', 1, 'com.gamehive.controller.web.system.SysMenuController.add()', 'POST', 1, 'admin', '研发部门', '/system/menu', '127.0.0.1', '内网IP', '{\"children\":[],\"createBy\":\"admin\",\"icon\":\"people\",\"isCache\":\"0\",\"isFrame\":\"1\",\"menuName\":\"AI介绍\",\"menuType\":\"M\",\"orderNum\":2,\"params\":{},\"parentId\":0,\"path\":\"/introduction\",\"status\":\"0\",\"visible\":\"0\"}', '{\"msg\":\"操作成功\",\"code\":200}', 0, NULL, '2025-05-05 02:12:23', 21);
INSERT INTO `sys_oper_log` VALUES (221, '菜单管理', 1, 'com.gamehive.controller.web.system.SysMenuController.add()', 'POST', 1, 'admin', '研发部门', '/system/menu', '127.0.0.1', '内网IP', '{\"children\":[],\"createBy\":\"admin\",\"icon\":\"button\",\"isCache\":\"0\",\"isFrame\":\"1\",\"menuName\":\"AI管理\",\"menuType\":\"M\",\"orderNum\":3,\"params\":{},\"parentId\":0,\"path\":\"/management\",\"status\":\"0\",\"visible\":\"0\"}', '{\"msg\":\"操作成功\",\"code\":200}', 0, NULL, '2025-05-05 02:13:33', 13);
INSERT INTO `sys_oper_log` VALUES (222, '菜单管理', 2, 'com.gamehive.controller.web.system.SysMenuController.edit()', 'PUT', 1, 'admin', '研发部门', '/system/menu', '127.0.0.1', '内网IP', '{\"children\":[],\"createTime\":\"2025-05-05 02:12:23\",\"icon\":\"people\",\"isCache\":\"0\",\"isFrame\":\"1\",\"menuId\":2033,\"menuName\":\"AI介绍\",\"menuType\":\"C\",\"orderNum\":2,\"params\":{},\"parentId\":0,\"path\":\"/introduction\",\"perms\":\"\",\"routeName\":\"\",\"status\":\"0\",\"updateBy\":\"admin\",\"visible\":\"0\"}', '{\"msg\":\"操作成功\",\"code\":200}', 0, NULL, '2025-05-05 02:13:43', 7);
INSERT INTO `sys_oper_log` VALUES (223, '代码生成', 2, 'com.gamehive.generator.controller.GenController.editSave()', 'PUT', 1, 'admin', '研发部门', '/tool/gen', '127.0.0.1', '内网IP', '{\"businessName\":\"player\",\"className\":\"Player\",\"columns\":[{\"capJavaField\":\"UserId\",\"columnComment\":\"用户id\",\"columnId\":42,\"columnName\":\"user_id\",\"columnType\":\"bigint\",\"createBy\":\"admin\",\"createTime\":\"2025-05-05 01:57:15\",\"dictType\":\"\",\"edit\":false,\"htmlType\":\"input\",\"increment\":false,\"insert\":false,\"isIncrement\":\"0\",\"isInsert\":\"0\",\"isPk\":\"1\",\"isRequired\":\"0\",\"javaField\":\"userId\",\"javaType\":\"Long\",\"list\":false,\"params\":{},\"pk\":true,\"query\":false,\"queryType\":\"EQ\",\"required\":false,\"sort\":1,\"superColumn\":false,\"tableId\":8,\"updateBy\":\"\",\"updateTime\":\"2025-05-05 02:04:15\",\"usableColumn\":false},{\"capJavaField\":\"UserName\",\"columnComment\":\"用户昵称\",\"columnId\":43,\"columnName\":\"user_name\",\"columnType\":\"varchar(30)\",\"createBy\":\"admin\",\"createTime\":\"2025-05-05 01:57:15\",\"dictType\":\"\",\"edit\":false,\"htmlType\":\"input\",\"increment\":false,\"insert\":false,\"isEdit\":\"0\",\"isIncrement\":\"0\",\"isInsert\":\"0\",\"isList\":\"1\",\"isPk\":\"0\",\"isQuery\":\"1\",\"isRequired\":\"0\",\"javaField\":\"userName\",\"javaType\":\"String\",\"list\":true,\"params\":{},\"pk\":false,\"query\":true,\"queryType\":\"LIKE\",\"required\":false,\"sort\":2,\"superColumn\":false,\"tableId\":8,\"updateBy\":\"\",\"updateTime\":\"2025-05-05 02:04:15\",\"usableColumn\":false},{\"capJavaField\":\"Raking\",\"columnComment\":\"天梯积分\",\"columnId\":44,\"columnName\":\"raking\",\"columnType\":\"int\",\"createBy\":\"admin\",\"createTime\":\"2025-05-05 01:57:15\",\"dictType\":\"\",\"edit\":false,\"htmlType\":\"input\",\"increment\":false,\"insert\":false,\"isEdit\":\"0\",\"isIncrement\":\"0\",\"isInsert\":\"0\",\"isList\":\"1\",\"isPk\":\"0\",\"isQuery\":\"0\",\"isRequired\":\"0\",\"javaField\":\"raking\",\"javaType\":\"Long\",\"list\":true,\"params\":{},\"pk\":false,\"query\":false,\"queryType\":\"EQ\",\"required\":false,\"sort\":3,\"superColumn\":false,\"tableId\":8,\"updateBy\":\"\",\"updateTime\":\"2025-05-05 02:04:15\",\"usableColumn\":false},{\"capJavaField\":\"RecordWithAi\",\"columnComment\":\"玩家与AI对战统计信息\",\"columnId\":45,\"columnName\":\"record_with_ai\",\"columnType\":\"text\",\"createBy\":\"admin\",\"createTime\":\"2025-05-05 01:57:15\",\"dictType\":\"\",\"edit\":false,\"htmlType\":\"textarea\",\"increment\":false,\"i', '{\"msg\":\"操作成功\",\"code\":200}', 0, NULL, '2025-05-05 02:15:18', 19);
INSERT INTO `sys_oper_log` VALUES (224, '代码生成', 2, 'com.gamehive.generator.controller.GenController.editSave()', 'PUT', 1, 'admin', '研发部门', '/tool/gen', '127.0.0.1', '内网IP', '{\"businessName\":\"type\",\"className\":\"AlgorithmType\",\"columns\":[{\"capJavaField\":\"AlgorithmId\",\"columnComment\":\"算法类型ID\",\"columnId\":39,\"columnName\":\"algorithm_id\",\"columnType\":\"int\",\"createBy\":\"admin\",\"createTime\":\"2025-05-05 01:57:15\",\"dictType\":\"\",\"edit\":false,\"htmlType\":\"input\",\"increment\":true,\"insert\":false,\"isIncrement\":\"1\",\"isInsert\":\"0\",\"isPk\":\"1\",\"isRequired\":\"0\",\"javaField\":\"algorithmId\",\"javaType\":\"Long\",\"list\":false,\"params\":{},\"pk\":true,\"query\":false,\"queryType\":\"EQ\",\"required\":false,\"sort\":1,\"superColumn\":false,\"tableId\":7,\"updateBy\":\"\",\"updateTime\":\"2025-05-05 02:05:18\",\"usableColumn\":false},{\"capJavaField\":\"AlgorithmName\",\"columnComment\":\"算法名称\",\"columnId\":40,\"columnName\":\"algorithm_name\",\"columnType\":\"varchar(50)\",\"createBy\":\"admin\",\"createTime\":\"2025-05-05 01:57:15\",\"dictType\":\"\",\"edit\":true,\"htmlType\":\"select\",\"increment\":false,\"insert\":true,\"isEdit\":\"1\",\"isIncrement\":\"0\",\"isInsert\":\"1\",\"isList\":\"1\",\"isPk\":\"0\",\"isQuery\":\"1\",\"isRequired\":\"1\",\"javaField\":\"algorithmName\",\"javaType\":\"String\",\"list\":true,\"params\":{},\"pk\":false,\"query\":true,\"queryType\":\"LIKE\",\"required\":true,\"sort\":2,\"superColumn\":false,\"tableId\":7,\"updateBy\":\"\",\"updateTime\":\"2025-05-05 02:05:18\",\"usableColumn\":false},{\"capJavaField\":\"AlgorithmIntroduction\",\"columnComment\":\"算法思想简介\",\"columnId\":41,\"columnName\":\"algorithm_introduction\",\"columnType\":\"varchar(500)\",\"createBy\":\"admin\",\"createTime\":\"2025-05-05 01:57:15\",\"dictType\":\"\",\"edit\":true,\"htmlType\":\"textarea\",\"increment\":false,\"insert\":true,\"isEdit\":\"1\",\"isIncrement\":\"0\",\"isInsert\":\"1\",\"isList\":\"1\",\"isPk\":\"0\",\"isQuery\":\"0\",\"isRequired\":\"0\",\"javaField\":\"algorithmIntroduction\",\"javaType\":\"String\",\"list\":true,\"params\":{},\"pk\":false,\"query\":false,\"queryType\":\"EQ\",\"required\":false,\"sort\":3,\"superColumn\":false,\"tableId\":7,\"updateBy\":\"\",\"updateTime\":\"2025-05-05 02:05:18\",\"usableColumn\":false}],\"crud\":true,\"functionAuthor\":\"Cassifa\",\"functionName\":\"算法类型\",\"genPath\":\"/\",\"genType\":\"0\",\"moduleName\":\"system\",\"options\":\"{\\\"parentMenuId\\\":2034}\",\"packageN', '{\"msg\":\"操作成功\",\"code\":200}', 0, NULL, '2025-05-05 02:15:40', 9);
INSERT INTO `sys_oper_log` VALUES (225, '代码生成', 2, 'com.gamehive.generator.controller.GenController.editSave()', 'PUT', 1, 'admin', '研发部门', '/tool/gen', '127.0.0.1', '内网IP', '{\"businessName\":\"type\",\"className\":\"GameType\",\"columns\":[{\"capJavaField\":\"GameId\",\"columnId\":32,\"columnName\":\"game_id\",\"columnType\":\"int\",\"createBy\":\"admin\",\"createTime\":\"2025-05-05 01:57:05\",\"dictType\":\"\",\"edit\":false,\"htmlType\":\"input\",\"increment\":true,\"insert\":false,\"isIncrement\":\"1\",\"isInsert\":\"0\",\"isPk\":\"1\",\"isRequired\":\"0\",\"javaField\":\"gameId\",\"javaType\":\"Long\",\"list\":false,\"params\":{},\"pk\":true,\"query\":false,\"queryType\":\"EQ\",\"required\":false,\"sort\":1,\"superColumn\":false,\"tableId\":6,\"updateBy\":\"\",\"updateTime\":\"2025-05-05 02:06:55\",\"usableColumn\":false},{\"capJavaField\":\"GameName\",\"columnId\":33,\"columnName\":\"game_name\",\"columnType\":\"varchar(200)\",\"createBy\":\"admin\",\"createTime\":\"2025-05-05 01:57:05\",\"dictType\":\"\",\"edit\":true,\"htmlType\":\"input\",\"increment\":false,\"insert\":true,\"isEdit\":\"1\",\"isIncrement\":\"0\",\"isInsert\":\"1\",\"isList\":\"1\",\"isPk\":\"0\",\"isQuery\":\"1\",\"isRequired\":\"1\",\"javaField\":\"gameName\",\"javaType\":\"String\",\"list\":true,\"params\":{},\"pk\":false,\"query\":true,\"queryType\":\"LIKE\",\"required\":true,\"sort\":2,\"superColumn\":false,\"tableId\":6,\"updateBy\":\"\",\"updateTime\":\"2025-05-05 02:06:55\",\"usableColumn\":false},{\"capJavaField\":\"GameIntroduction\",\"columnComment\":\"游戏规则简介\",\"columnId\":34,\"columnName\":\"game_introduction\",\"columnType\":\"varchar(500)\",\"createBy\":\"admin\",\"createTime\":\"2025-05-05 01:57:05\",\"dictType\":\"\",\"edit\":true,\"htmlType\":\"textarea\",\"increment\":false,\"insert\":true,\"isEdit\":\"1\",\"isIncrement\":\"0\",\"isInsert\":\"1\",\"isList\":\"1\",\"isPk\":\"0\",\"isQuery\":\"1\",\"isRequired\":\"0\",\"javaField\":\"gameIntroduction\",\"javaType\":\"String\",\"list\":true,\"params\":{},\"pk\":false,\"query\":true,\"queryType\":\"LIKE\",\"required\":false,\"sort\":3,\"superColumn\":false,\"tableId\":6,\"updateBy\":\"\",\"updateTime\":\"2025-05-05 02:06:55\",\"usableColumn\":false},{\"capJavaField\":\"GameRule\",\"columnComment\":\"游戏规则\",\"columnId\":35,\"columnName\":\"game_rule\",\"columnType\":\"varchar(5000)\",\"createBy\":\"admin\",\"createTime\":\"2025-05-05 01:57:05\",\"dictType\":\"\",\"edit\":true,\"htmlType\":\"textarea\",\"increment\":false,\"insert\":true,\"i', '{\"msg\":\"操作成功\",\"code\":200}', 0, NULL, '2025-05-05 02:15:52', 13);
INSERT INTO `sys_oper_log` VALUES (226, '代码生成', 2, 'com.gamehive.generator.controller.GenController.editSave()', 'PUT', 1, 'admin', '研发部门', '/tool/gen', '127.0.0.1', '内网IP', '{\"businessName\":\"product\",\"className\":\"Product\",\"columns\":[{\"capJavaField\":\"Id\",\"columnId\":47,\"columnName\":\"id\",\"columnType\":\"int\",\"createBy\":\"admin\",\"createTime\":\"2025-05-05 01:57:15\",\"dictType\":\"\",\"edit\":false,\"htmlType\":\"input\",\"increment\":true,\"insert\":false,\"isIncrement\":\"1\",\"isInsert\":\"0\",\"isPk\":\"1\",\"isRequired\":\"0\",\"javaField\":\"id\",\"javaType\":\"Long\",\"list\":false,\"params\":{},\"pk\":true,\"query\":false,\"queryType\":\"EQ\",\"required\":false,\"sort\":1,\"superColumn\":false,\"tableId\":9,\"updateBy\":\"\",\"updateTime\":\"2025-05-05 02:10:01\",\"usableColumn\":false},{\"capJavaField\":\"AlgorithmTypeId\",\"columnComment\":\"算法id\",\"columnId\":48,\"columnName\":\"algorithm_type_id\",\"columnType\":\"int\",\"createBy\":\"admin\",\"createTime\":\"2025-05-05 01:57:15\",\"dictType\":\"\",\"edit\":false,\"htmlType\":\"input\",\"increment\":false,\"insert\":false,\"isEdit\":\"0\",\"isIncrement\":\"0\",\"isInsert\":\"0\",\"isList\":\"0\",\"isPk\":\"0\",\"isQuery\":\"0\",\"isRequired\":\"0\",\"javaField\":\"algorithmTypeId\",\"javaType\":\"Long\",\"list\":false,\"params\":{},\"pk\":false,\"query\":false,\"queryType\":\"EQ\",\"required\":false,\"sort\":2,\"superColumn\":false,\"tableId\":9,\"updateBy\":\"\",\"updateTime\":\"2025-05-05 02:10:01\",\"usableColumn\":false},{\"capJavaField\":\"AlgorithmTypeName\",\"columnComment\":\"算法名称\",\"columnId\":49,\"columnName\":\"algorithm_type_name\",\"columnType\":\"varchar(50)\",\"createBy\":\"admin\",\"createTime\":\"2025-05-05 01:57:15\",\"dictType\":\"\",\"edit\":true,\"htmlType\":\"select\",\"increment\":false,\"insert\":true,\"isEdit\":\"1\",\"isIncrement\":\"0\",\"isInsert\":\"1\",\"isList\":\"1\",\"isPk\":\"0\",\"isQuery\":\"1\",\"isRequired\":\"1\",\"javaField\":\"algorithmTypeName\",\"javaType\":\"String\",\"list\":true,\"params\":{},\"pk\":false,\"query\":true,\"queryType\":\"LIKE\",\"required\":true,\"sort\":3,\"superColumn\":false,\"tableId\":9,\"updateBy\":\"\",\"updateTime\":\"2025-05-05 02:10:01\",\"usableColumn\":false},{\"capJavaField\":\"GameTypeId\",\"columnComment\":\"Game类型外键\",\"columnId\":50,\"columnName\":\"game_type_id\",\"columnType\":\"int\",\"createBy\":\"admin\",\"createTime\":\"2025-05-05 01:57:15\",\"dictType\":\"\",\"edit\":false,\"htmlType\":\"input\",\"increment\":f', '{\"msg\":\"操作成功\",\"code\":200}', 0, NULL, '2025-05-05 02:16:21', 13);
INSERT INTO `sys_oper_log` VALUES (227, '代码生成', 2, 'com.gamehive.generator.controller.GenController.editSave()', 'PUT', 1, 'admin', '研发部门', '/tool/gen', '127.0.0.1', '内网IP', '{\"businessName\":\"record\",\"className\":\"Record\",\"columns\":[{\"capJavaField\":\"RecordId\",\"columnComment\":\"对局id\",\"columnId\":55,\"columnName\":\"record_id\",\"columnType\":\"int\",\"createBy\":\"admin\",\"createTime\":\"2025-05-05 01:57:15\",\"dictType\":\"\",\"edit\":false,\"htmlType\":\"input\",\"increment\":true,\"insert\":false,\"isIncrement\":\"1\",\"isInsert\":\"0\",\"isPk\":\"1\",\"isRequired\":\"0\",\"javaField\":\"recordId\",\"javaType\":\"Long\",\"list\":false,\"params\":{},\"pk\":true,\"query\":false,\"queryType\":\"EQ\",\"required\":false,\"sort\":1,\"superColumn\":false,\"tableId\":10,\"updateBy\":\"\",\"usableColumn\":false},{\"capJavaField\":\"GameTypeId\",\"columnComment\":\"本局对局对应的game_id\",\"columnId\":56,\"columnName\":\"game_type_id\",\"columnType\":\"int\",\"createBy\":\"admin\",\"createTime\":\"2025-05-05 01:57:15\",\"dictType\":\"\",\"edit\":false,\"htmlType\":\"input\",\"increment\":false,\"insert\":false,\"isEdit\":\"0\",\"isIncrement\":\"0\",\"isInsert\":\"0\",\"isList\":\"0\",\"isPk\":\"0\",\"isQuery\":\"0\",\"isRequired\":\"1\",\"javaField\":\"gameTypeId\",\"javaType\":\"Long\",\"list\":false,\"params\":{},\"pk\":false,\"query\":false,\"queryType\":\"EQ\",\"required\":true,\"sort\":2,\"superColumn\":false,\"tableId\":10,\"updateBy\":\"\",\"usableColumn\":false},{\"capJavaField\":\"GameTypeName\",\"columnComment\":\"本局游戏名称\",\"columnId\":57,\"columnName\":\"game_type_name\",\"columnType\":\"varchar(30)\",\"createBy\":\"admin\",\"createTime\":\"2025-05-05 01:57:15\",\"dictType\":\"\",\"edit\":false,\"htmlType\":\"select\",\"increment\":false,\"insert\":false,\"isEdit\":\"0\",\"isIncrement\":\"0\",\"isInsert\":\"0\",\"isList\":\"1\",\"isPk\":\"0\",\"isQuery\":\"1\",\"isRequired\":\"1\",\"javaField\":\"gameTypeName\",\"javaType\":\"String\",\"list\":true,\"params\":{},\"pk\":false,\"query\":true,\"queryType\":\"LIKE\",\"required\":true,\"sort\":3,\"superColumn\":false,\"tableId\":10,\"updateBy\":\"\",\"usableColumn\":false},{\"capJavaField\":\"RecordTime\",\"columnComment\":\"对局结束时间\",\"columnId\":58,\"columnName\":\"record_time\",\"columnType\":\"timestamp\",\"createBy\":\"admin\",\"createTime\":\"2025-05-05 01:57:15\",\"dictType\":\"\",\"edit\":false,\"htmlType\":\"datetime\",\"increment\":false,\"insert\":false,\"isEdit\":\"0\",\"isIncrement\":\"0\",\"isInsert\":\"0\",\"isList', '{\"msg\":\"操作成功\",\"code\":200}', 0, NULL, '2025-05-05 02:18:16', 18);
INSERT INTO `sys_oper_log` VALUES (228, '代码生成', 2, 'com.gamehive.generator.controller.GenController.editSave()', 'PUT', 1, 'admin', '研发部门', '/tool/gen', '127.0.0.1', '内网IP', '{\"businessName\":\"record\",\"className\":\"Record\",\"columns\":[{\"capJavaField\":\"RecordId\",\"columnComment\":\"对局id\",\"columnId\":55,\"columnName\":\"record_id\",\"columnType\":\"int\",\"createBy\":\"admin\",\"createTime\":\"2025-05-05 01:57:15\",\"dictType\":\"\",\"edit\":false,\"htmlType\":\"input\",\"increment\":true,\"insert\":false,\"isIncrement\":\"1\",\"isInsert\":\"0\",\"isPk\":\"1\",\"isRequired\":\"0\",\"javaField\":\"recordId\",\"javaType\":\"Long\",\"list\":false,\"params\":{},\"pk\":true,\"query\":false,\"queryType\":\"EQ\",\"required\":false,\"sort\":1,\"superColumn\":false,\"tableId\":10,\"updateBy\":\"\",\"updateTime\":\"2025-05-05 02:18:16\",\"usableColumn\":false},{\"capJavaField\":\"GameTypeId\",\"columnComment\":\"本局对局对应的game_id\",\"columnId\":56,\"columnName\":\"game_type_id\",\"columnType\":\"int\",\"createBy\":\"admin\",\"createTime\":\"2025-05-05 01:57:15\",\"dictType\":\"\",\"edit\":false,\"htmlType\":\"input\",\"increment\":false,\"insert\":false,\"isEdit\":\"0\",\"isIncrement\":\"0\",\"isInsert\":\"0\",\"isList\":\"0\",\"isPk\":\"0\",\"isQuery\":\"0\",\"isRequired\":\"1\",\"javaField\":\"gameTypeId\",\"javaType\":\"Long\",\"list\":false,\"params\":{},\"pk\":false,\"query\":false,\"queryType\":\"EQ\",\"required\":true,\"sort\":2,\"superColumn\":false,\"tableId\":10,\"updateBy\":\"\",\"updateTime\":\"2025-05-05 02:18:16\",\"usableColumn\":false},{\"capJavaField\":\"GameTypeName\",\"columnComment\":\"本局游戏名称\",\"columnId\":57,\"columnName\":\"game_type_name\",\"columnType\":\"varchar(30)\",\"createBy\":\"admin\",\"createTime\":\"2025-05-05 01:57:15\",\"dictType\":\"\",\"edit\":false,\"htmlType\":\"select\",\"increment\":false,\"insert\":false,\"isEdit\":\"0\",\"isIncrement\":\"0\",\"isInsert\":\"0\",\"isList\":\"1\",\"isPk\":\"0\",\"isQuery\":\"1\",\"isRequired\":\"1\",\"javaField\":\"gameTypeName\",\"javaType\":\"String\",\"list\":true,\"params\":{},\"pk\":false,\"query\":true,\"queryType\":\"LIKE\",\"required\":true,\"sort\":3,\"superColumn\":false,\"tableId\":10,\"updateBy\":\"\",\"updateTime\":\"2025-05-05 02:18:16\",\"usableColumn\":false},{\"capJavaField\":\"RecordTime\",\"columnComment\":\"对局结束时间\",\"columnId\":58,\"columnName\":\"record_time\",\"columnType\":\"timestamp\",\"createBy\":\"admin\",\"createTime\":\"2025-05-05 01:57:15\",\"dictType\":\"\",\"edit\":false,\"ht', '{\"msg\":\"操作成功\",\"code\":200}', 0, NULL, '2025-05-05 02:19:13', 20);
INSERT INTO `sys_oper_log` VALUES (229, '字典类型', 1, 'com.gamehive.controller.web.system.SysDictTypeController.add()', 'POST', 1, 'admin', '研发部门', '/system/dict/type', '127.0.0.1', '内网IP', '{\"createBy\":\"admin\",\"dictName\":\"胜利状态\",\"dictType\":\"int\",\"params\":{},\"status\":\"0\"}', '{\"msg\":\"操作成功\",\"code\":200}', 0, NULL, '2025-05-05 02:19:54', 7);
INSERT INTO `sys_oper_log` VALUES (230, '字典类型', 2, 'com.gamehive.controller.web.system.SysDictTypeController.edit()', 'PUT', 1, 'admin', '研发部门', '/system/dict/type', '127.0.0.1', '内网IP', '{\"createBy\":\"admin\",\"createTime\":\"2025-05-05 02:19:54\",\"dictId\":102,\"dictName\":\"胜利状态\",\"dictType\":\"win_status\",\"params\":{},\"status\":\"0\",\"updateBy\":\"admin\"}', '{\"msg\":\"操作成功\",\"code\":200}', 0, NULL, '2025-05-05 02:20:49', 10);
INSERT INTO `sys_oper_log` VALUES (231, '字典数据', 1, 'com.gamehive.controller.web.system.SysDictDataController.add()', 'POST', 1, 'admin', '研发部门', '/system/dict/data', '127.0.0.1', '内网IP', '{\"createBy\":\"admin\",\"default\":false,\"dictLabel\":\"先手胜利\",\"dictSort\":1,\"dictType\":\"win_status\",\"dictValue\":\"0\",\"listClass\":\"default\",\"params\":{},\"status\":\"0\"}', '{\"msg\":\"操作成功\",\"code\":200}', 0, NULL, '2025-05-05 02:21:15', 8);
INSERT INTO `sys_oper_log` VALUES (232, '字典数据', 1, 'com.gamehive.controller.web.system.SysDictDataController.add()', 'POST', 1, 'admin', '研发部门', '/system/dict/data', '127.0.0.1', '内网IP', '{\"createBy\":\"admin\",\"default\":false,\"dictLabel\":\"后手胜利\",\"dictSort\":2,\"dictType\":\"win_status\",\"dictValue\":\"1\",\"listClass\":\"default\",\"params\":{},\"status\":\"0\"}', '{\"msg\":\"操作成功\",\"code\":200}', 0, NULL, '2025-05-05 02:21:28', 6);
INSERT INTO `sys_oper_log` VALUES (233, '字典数据', 1, 'com.gamehive.controller.web.system.SysDictDataController.add()', 'POST', 1, 'admin', '研发部门', '/system/dict/data', '127.0.0.1', '内网IP', '{\"createBy\":\"admin\",\"default\":false,\"dictLabel\":\"平局\",\"dictSort\":3,\"dictType\":\"win_status\",\"dictValue\":\"2\",\"listClass\":\"default\",\"params\":{},\"status\":\"0\"}', '{\"msg\":\"操作成功\",\"code\":200}', 0, NULL, '2025-05-05 02:21:44', 7);
INSERT INTO `sys_oper_log` VALUES (234, '代码生成', 2, 'com.gamehive.generator.controller.GenController.editSave()', 'PUT', 1, 'admin', '研发部门', '/tool/gen', '127.0.0.1', '内网IP', '{\"businessName\":\"record\",\"className\":\"Record\",\"columns\":[{\"capJavaField\":\"RecordId\",\"columnComment\":\"对局id\",\"columnId\":55,\"columnName\":\"record_id\",\"columnType\":\"int\",\"createBy\":\"admin\",\"createTime\":\"2025-05-05 01:57:15\",\"dictType\":\"\",\"edit\":false,\"htmlType\":\"input\",\"increment\":true,\"insert\":false,\"isIncrement\":\"1\",\"isInsert\":\"0\",\"isPk\":\"1\",\"isRequired\":\"0\",\"javaField\":\"recordId\",\"javaType\":\"Long\",\"list\":false,\"params\":{},\"pk\":true,\"query\":false,\"queryType\":\"EQ\",\"required\":false,\"sort\":1,\"superColumn\":false,\"tableId\":10,\"updateBy\":\"\",\"updateTime\":\"2025-05-05 02:19:13\",\"usableColumn\":false},{\"capJavaField\":\"GameTypeId\",\"columnComment\":\"本局对局对应的game_id\",\"columnId\":56,\"columnName\":\"game_type_id\",\"columnType\":\"int\",\"createBy\":\"admin\",\"createTime\":\"2025-05-05 01:57:15\",\"dictType\":\"\",\"edit\":false,\"htmlType\":\"input\",\"increment\":false,\"insert\":false,\"isEdit\":\"0\",\"isIncrement\":\"0\",\"isInsert\":\"0\",\"isList\":\"0\",\"isPk\":\"0\",\"isQuery\":\"0\",\"isRequired\":\"0\",\"javaField\":\"gameTypeId\",\"javaType\":\"Long\",\"list\":false,\"params\":{},\"pk\":false,\"query\":false,\"queryType\":\"EQ\",\"required\":false,\"sort\":2,\"superColumn\":false,\"tableId\":10,\"updateBy\":\"\",\"updateTime\":\"2025-05-05 02:19:13\",\"usableColumn\":false},{\"capJavaField\":\"GameTypeName\",\"columnComment\":\"本局游戏名称\",\"columnId\":57,\"columnName\":\"game_type_name\",\"columnType\":\"varchar(30)\",\"createBy\":\"admin\",\"createTime\":\"2025-05-05 01:57:15\",\"dictType\":\"\",\"edit\":false,\"htmlType\":\"select\",\"increment\":false,\"insert\":false,\"isEdit\":\"0\",\"isIncrement\":\"0\",\"isInsert\":\"0\",\"isList\":\"1\",\"isPk\":\"0\",\"isQuery\":\"1\",\"isRequired\":\"0\",\"javaField\":\"gameTypeName\",\"javaType\":\"String\",\"list\":true,\"params\":{},\"pk\":false,\"query\":true,\"queryType\":\"LIKE\",\"required\":false,\"sort\":3,\"superColumn\":false,\"tableId\":10,\"updateBy\":\"\",\"updateTime\":\"2025-05-05 02:19:13\",\"usableColumn\":false},{\"capJavaField\":\"RecordTime\",\"columnComment\":\"对局结束时间\",\"columnId\":58,\"columnName\":\"record_time\",\"columnType\":\"timestamp\",\"createBy\":\"admin\",\"createTime\":\"2025-05-05 01:57:15\",\"dictType\":\"\",\"edit\":false,\"', '{\"msg\":\"操作成功\",\"code\":200}', 0, NULL, '2025-05-05 02:22:48', 22);
INSERT INTO `sys_oper_log` VALUES (235, '代码生成', 8, 'com.gamehive.generator.controller.GenController.batchGenCode()', 'GET', 1, 'admin', '研发部门', '/tool/gen/batchGenCode', '127.0.0.1', '内网IP', '{\"tables\":\"game_type,algorithm_type,player,product,record\"}', NULL, 0, NULL, '2025-05-05 02:22:55', 130);
INSERT INTO `sys_oper_log` VALUES (236, '代码生成', 2, 'com.gamehive.generator.controller.GenController.editSave()', 'PUT', 1, 'admin', '研发部门', '/tool/gen', '127.0.0.1', '内网IP', '{\"businessName\":\"Player\",\"className\":\"GameType\",\"columns\":[{\"capJavaField\":\"GameId\",\"columnId\":32,\"columnName\":\"game_id\",\"columnType\":\"int\",\"createBy\":\"admin\",\"createTime\":\"2025-05-05 01:57:05\",\"dictType\":\"\",\"edit\":false,\"htmlType\":\"input\",\"increment\":true,\"insert\":false,\"isIncrement\":\"1\",\"isInsert\":\"0\",\"isPk\":\"1\",\"isRequired\":\"0\",\"javaField\":\"gameId\",\"javaType\":\"Long\",\"list\":false,\"params\":{},\"pk\":true,\"query\":false,\"queryType\":\"EQ\",\"required\":false,\"sort\":1,\"superColumn\":false,\"tableId\":6,\"updateBy\":\"\",\"updateTime\":\"2025-05-05 02:15:52\",\"usableColumn\":false},{\"capJavaField\":\"GameName\",\"columnId\":33,\"columnName\":\"game_name\",\"columnType\":\"varchar(200)\",\"createBy\":\"admin\",\"createTime\":\"2025-05-05 01:57:05\",\"dictType\":\"\",\"edit\":true,\"htmlType\":\"input\",\"increment\":false,\"insert\":true,\"isEdit\":\"1\",\"isIncrement\":\"0\",\"isInsert\":\"1\",\"isList\":\"1\",\"isPk\":\"0\",\"isQuery\":\"1\",\"isRequired\":\"1\",\"javaField\":\"gameName\",\"javaType\":\"String\",\"list\":true,\"params\":{},\"pk\":false,\"query\":true,\"queryType\":\"LIKE\",\"required\":true,\"sort\":2,\"superColumn\":false,\"tableId\":6,\"updateBy\":\"\",\"updateTime\":\"2025-05-05 02:15:52\",\"usableColumn\":false},{\"capJavaField\":\"GameIntroduction\",\"columnComment\":\"游戏规则简介\",\"columnId\":34,\"columnName\":\"game_introduction\",\"columnType\":\"varchar(500)\",\"createBy\":\"admin\",\"createTime\":\"2025-05-05 01:57:05\",\"dictType\":\"\",\"edit\":true,\"htmlType\":\"textarea\",\"increment\":false,\"insert\":true,\"isEdit\":\"1\",\"isIncrement\":\"0\",\"isInsert\":\"1\",\"isList\":\"1\",\"isPk\":\"0\",\"isQuery\":\"1\",\"isRequired\":\"0\",\"javaField\":\"gameIntroduction\",\"javaType\":\"String\",\"list\":true,\"params\":{},\"pk\":false,\"query\":true,\"queryType\":\"LIKE\",\"required\":false,\"sort\":3,\"superColumn\":false,\"tableId\":6,\"updateBy\":\"\",\"updateTime\":\"2025-05-05 02:15:52\",\"usableColumn\":false},{\"capJavaField\":\"GameRule\",\"columnComment\":\"游戏规则\",\"columnId\":35,\"columnName\":\"game_rule\",\"columnType\":\"varchar(5000)\",\"createBy\":\"admin\",\"createTime\":\"2025-05-05 01:57:05\",\"dictType\":\"\",\"edit\":true,\"htmlType\":\"textarea\",\"increment\":false,\"insert\":true,', '{\"msg\":\"操作成功\",\"code\":200}', 0, NULL, '2025-05-05 02:32:54', 44);
INSERT INTO `sys_oper_log` VALUES (237, '代码生成', 2, 'com.gamehive.generator.controller.GenController.editSave()', 'PUT', 1, 'admin', '研发部门', '/tool/gen', '127.0.0.1', '内网IP', '{\"businessName\":\"Algorithm\",\"className\":\"AlgorithmType\",\"columns\":[{\"capJavaField\":\"AlgorithmId\",\"columnComment\":\"算法类型ID\",\"columnId\":39,\"columnName\":\"algorithm_id\",\"columnType\":\"int\",\"createBy\":\"admin\",\"createTime\":\"2025-05-05 01:57:15\",\"dictType\":\"\",\"edit\":false,\"htmlType\":\"input\",\"increment\":true,\"insert\":false,\"isIncrement\":\"1\",\"isInsert\":\"0\",\"isPk\":\"1\",\"isRequired\":\"0\",\"javaField\":\"algorithmId\",\"javaType\":\"Long\",\"list\":false,\"params\":{},\"pk\":true,\"query\":false,\"queryType\":\"EQ\",\"required\":false,\"sort\":1,\"superColumn\":false,\"tableId\":7,\"updateBy\":\"\",\"updateTime\":\"2025-05-05 02:15:40\",\"usableColumn\":false},{\"capJavaField\":\"AlgorithmName\",\"columnComment\":\"算法名称\",\"columnId\":40,\"columnName\":\"algorithm_name\",\"columnType\":\"varchar(50)\",\"createBy\":\"admin\",\"createTime\":\"2025-05-05 01:57:15\",\"dictType\":\"\",\"edit\":true,\"htmlType\":\"select\",\"increment\":false,\"insert\":true,\"isEdit\":\"1\",\"isIncrement\":\"0\",\"isInsert\":\"1\",\"isList\":\"1\",\"isPk\":\"0\",\"isQuery\":\"1\",\"isRequired\":\"1\",\"javaField\":\"algorithmName\",\"javaType\":\"String\",\"list\":true,\"params\":{},\"pk\":false,\"query\":true,\"queryType\":\"LIKE\",\"required\":true,\"sort\":2,\"superColumn\":false,\"tableId\":7,\"updateBy\":\"\",\"updateTime\":\"2025-05-05 02:15:40\",\"usableColumn\":false},{\"capJavaField\":\"AlgorithmIntroduction\",\"columnComment\":\"算法思想简介\",\"columnId\":41,\"columnName\":\"algorithm_introduction\",\"columnType\":\"varchar(500)\",\"createBy\":\"admin\",\"createTime\":\"2025-05-05 01:57:15\",\"dictType\":\"\",\"edit\":true,\"htmlType\":\"textarea\",\"increment\":false,\"insert\":true,\"isEdit\":\"1\",\"isIncrement\":\"0\",\"isInsert\":\"1\",\"isList\":\"1\",\"isPk\":\"0\",\"isQuery\":\"0\",\"isRequired\":\"0\",\"javaField\":\"algorithmIntroduction\",\"javaType\":\"String\",\"list\":true,\"params\":{},\"pk\":false,\"query\":false,\"queryType\":\"EQ\",\"required\":false,\"sort\":3,\"superColumn\":false,\"tableId\":7,\"updateBy\":\"\",\"updateTime\":\"2025-05-05 02:15:40\",\"usableColumn\":false}],\"crud\":true,\"functionAuthor\":\"Cassifa\",\"functionName\":\"算法类型\",\"genPath\":\"/\",\"genType\":\"0\",\"moduleName\":\"Algorithm\",\"options\":\"{\\\"parentMenuId\\\":2034}\",\"', '{\"msg\":\"操作成功\",\"code\":200}', 0, NULL, '2025-05-05 02:33:10', 14);
INSERT INTO `sys_oper_log` VALUES (238, '代码生成', 2, 'com.gamehive.generator.controller.GenController.editSave()', 'PUT', 1, 'admin', '研发部门', '/tool/gen', '127.0.0.1', '内网IP', '{\"businessName\":\"Player\",\"className\":\"Player\",\"columns\":[{\"capJavaField\":\"UserId\",\"columnComment\":\"用户id\",\"columnId\":42,\"columnName\":\"user_id\",\"columnType\":\"bigint\",\"createBy\":\"admin\",\"createTime\":\"2025-05-05 01:57:15\",\"dictType\":\"\",\"edit\":false,\"htmlType\":\"input\",\"increment\":false,\"insert\":false,\"isIncrement\":\"0\",\"isInsert\":\"0\",\"isPk\":\"1\",\"isRequired\":\"0\",\"javaField\":\"userId\",\"javaType\":\"Long\",\"list\":false,\"params\":{},\"pk\":true,\"query\":false,\"queryType\":\"EQ\",\"required\":false,\"sort\":1,\"superColumn\":false,\"tableId\":8,\"updateBy\":\"\",\"updateTime\":\"2025-05-05 02:15:18\",\"usableColumn\":false},{\"capJavaField\":\"UserName\",\"columnComment\":\"用户昵称\",\"columnId\":43,\"columnName\":\"user_name\",\"columnType\":\"varchar(30)\",\"createBy\":\"admin\",\"createTime\":\"2025-05-05 01:57:15\",\"dictType\":\"\",\"edit\":false,\"htmlType\":\"input\",\"increment\":false,\"insert\":false,\"isEdit\":\"0\",\"isIncrement\":\"0\",\"isInsert\":\"0\",\"isList\":\"1\",\"isPk\":\"0\",\"isQuery\":\"1\",\"isRequired\":\"0\",\"javaField\":\"userName\",\"javaType\":\"String\",\"list\":true,\"params\":{},\"pk\":false,\"query\":true,\"queryType\":\"LIKE\",\"required\":false,\"sort\":2,\"superColumn\":false,\"tableId\":8,\"updateBy\":\"\",\"updateTime\":\"2025-05-05 02:15:18\",\"usableColumn\":false},{\"capJavaField\":\"Raking\",\"columnComment\":\"天梯积分\",\"columnId\":44,\"columnName\":\"raking\",\"columnType\":\"int\",\"createBy\":\"admin\",\"createTime\":\"2025-05-05 01:57:15\",\"dictType\":\"\",\"edit\":false,\"htmlType\":\"input\",\"increment\":false,\"insert\":false,\"isEdit\":\"0\",\"isIncrement\":\"0\",\"isInsert\":\"0\",\"isList\":\"1\",\"isPk\":\"0\",\"isQuery\":\"0\",\"isRequired\":\"0\",\"javaField\":\"raking\",\"javaType\":\"Long\",\"list\":true,\"params\":{},\"pk\":false,\"query\":false,\"queryType\":\"EQ\",\"required\":false,\"sort\":3,\"superColumn\":false,\"tableId\":8,\"updateBy\":\"\",\"updateTime\":\"2025-05-05 02:15:18\",\"usableColumn\":false},{\"capJavaField\":\"RecordWithAi\",\"columnComment\":\"玩家与AI对战统计信息\",\"columnId\":45,\"columnName\":\"record_with_ai\",\"columnType\":\"text\",\"createBy\":\"admin\",\"createTime\":\"2025-05-05 01:57:15\",\"dictType\":\"\",\"edit\":false,\"htmlType\":\"textarea\",\"increment\":false,\"i', '{\"msg\":\"操作成功\",\"code\":200}', 0, NULL, '2025-05-05 02:33:23', 14);
INSERT INTO `sys_oper_log` VALUES (239, '代码生成', 2, 'com.gamehive.generator.controller.GenController.editSave()', 'PUT', 1, 'admin', '研发部门', '/tool/gen', '127.0.0.1', '内网IP', '{\"businessName\":\"Product\",\"className\":\"Product\",\"columns\":[{\"capJavaField\":\"Id\",\"columnId\":47,\"columnName\":\"id\",\"columnType\":\"int\",\"createBy\":\"admin\",\"createTime\":\"2025-05-05 01:57:15\",\"dictType\":\"\",\"edit\":false,\"htmlType\":\"input\",\"increment\":true,\"insert\":false,\"isIncrement\":\"1\",\"isInsert\":\"0\",\"isPk\":\"1\",\"isRequired\":\"0\",\"javaField\":\"id\",\"javaType\":\"Long\",\"list\":false,\"params\":{},\"pk\":true,\"query\":false,\"queryType\":\"EQ\",\"required\":false,\"sort\":1,\"superColumn\":false,\"tableId\":9,\"updateBy\":\"\",\"updateTime\":\"2025-05-05 02:16:21\",\"usableColumn\":false},{\"capJavaField\":\"AlgorithmTypeId\",\"columnComment\":\"算法id\",\"columnId\":48,\"columnName\":\"algorithm_type_id\",\"columnType\":\"int\",\"createBy\":\"admin\",\"createTime\":\"2025-05-05 01:57:15\",\"dictType\":\"\",\"edit\":false,\"htmlType\":\"input\",\"increment\":false,\"insert\":false,\"isEdit\":\"0\",\"isIncrement\":\"0\",\"isInsert\":\"0\",\"isList\":\"0\",\"isPk\":\"0\",\"isQuery\":\"0\",\"isRequired\":\"0\",\"javaField\":\"algorithmTypeId\",\"javaType\":\"Long\",\"list\":false,\"params\":{},\"pk\":false,\"query\":false,\"queryType\":\"EQ\",\"required\":false,\"sort\":2,\"superColumn\":false,\"tableId\":9,\"updateBy\":\"\",\"updateTime\":\"2025-05-05 02:16:21\",\"usableColumn\":false},{\"capJavaField\":\"AlgorithmTypeName\",\"columnComment\":\"算法名称\",\"columnId\":49,\"columnName\":\"algorithm_type_name\",\"columnType\":\"varchar(50)\",\"createBy\":\"admin\",\"createTime\":\"2025-05-05 01:57:15\",\"dictType\":\"\",\"edit\":true,\"htmlType\":\"select\",\"increment\":false,\"insert\":true,\"isEdit\":\"1\",\"isIncrement\":\"0\",\"isInsert\":\"1\",\"isList\":\"1\",\"isPk\":\"0\",\"isQuery\":\"1\",\"isRequired\":\"1\",\"javaField\":\"algorithmTypeName\",\"javaType\":\"String\",\"list\":true,\"params\":{},\"pk\":false,\"query\":true,\"queryType\":\"LIKE\",\"required\":true,\"sort\":3,\"superColumn\":false,\"tableId\":9,\"updateBy\":\"\",\"updateTime\":\"2025-05-05 02:16:21\",\"usableColumn\":false},{\"capJavaField\":\"GameTypeId\",\"columnComment\":\"Game类型外键\",\"columnId\":50,\"columnName\":\"game_type_id\",\"columnType\":\"int\",\"createBy\":\"admin\",\"createTime\":\"2025-05-05 01:57:15\",\"dictType\":\"\",\"edit\":false,\"htmlType\":\"input\",\"increment\":f', '{\"msg\":\"操作成功\",\"code\":200}', 0, NULL, '2025-05-05 02:33:36', 27);
INSERT INTO `sys_oper_log` VALUES (240, '代码生成', 2, 'com.gamehive.generator.controller.GenController.editSave()', 'PUT', 1, 'admin', '研发部门', '/tool/gen', '127.0.0.1', '内网IP', '{\"businessName\":\"Record\",\"className\":\"Record\",\"columns\":[{\"capJavaField\":\"RecordId\",\"columnComment\":\"对局id\",\"columnId\":55,\"columnName\":\"record_id\",\"columnType\":\"int\",\"createBy\":\"admin\",\"createTime\":\"2025-05-05 01:57:15\",\"dictType\":\"\",\"edit\":false,\"htmlType\":\"input\",\"increment\":true,\"insert\":false,\"isIncrement\":\"1\",\"isInsert\":\"0\",\"isPk\":\"1\",\"isRequired\":\"0\",\"javaField\":\"recordId\",\"javaType\":\"Long\",\"list\":false,\"params\":{},\"pk\":true,\"query\":false,\"queryType\":\"EQ\",\"required\":false,\"sort\":1,\"superColumn\":false,\"tableId\":10,\"updateBy\":\"\",\"updateTime\":\"2025-05-05 02:22:48\",\"usableColumn\":false},{\"capJavaField\":\"GameTypeId\",\"columnComment\":\"本局对局对应的game_id\",\"columnId\":56,\"columnName\":\"game_type_id\",\"columnType\":\"int\",\"createBy\":\"admin\",\"createTime\":\"2025-05-05 01:57:15\",\"dictType\":\"\",\"edit\":false,\"htmlType\":\"input\",\"increment\":false,\"insert\":false,\"isEdit\":\"0\",\"isIncrement\":\"0\",\"isInsert\":\"0\",\"isList\":\"0\",\"isPk\":\"0\",\"isQuery\":\"0\",\"isRequired\":\"0\",\"javaField\":\"gameTypeId\",\"javaType\":\"Long\",\"list\":false,\"params\":{},\"pk\":false,\"query\":false,\"queryType\":\"EQ\",\"required\":false,\"sort\":2,\"superColumn\":false,\"tableId\":10,\"updateBy\":\"\",\"updateTime\":\"2025-05-05 02:22:48\",\"usableColumn\":false},{\"capJavaField\":\"GameTypeName\",\"columnComment\":\"本局游戏名称\",\"columnId\":57,\"columnName\":\"game_type_name\",\"columnType\":\"varchar(30)\",\"createBy\":\"admin\",\"createTime\":\"2025-05-05 01:57:15\",\"dictType\":\"\",\"edit\":false,\"htmlType\":\"select\",\"increment\":false,\"insert\":false,\"isEdit\":\"0\",\"isIncrement\":\"0\",\"isInsert\":\"0\",\"isList\":\"1\",\"isPk\":\"0\",\"isQuery\":\"1\",\"isRequired\":\"0\",\"javaField\":\"gameTypeName\",\"javaType\":\"String\",\"list\":true,\"params\":{},\"pk\":false,\"query\":true,\"queryType\":\"LIKE\",\"required\":false,\"sort\":3,\"superColumn\":false,\"tableId\":10,\"updateBy\":\"\",\"updateTime\":\"2025-05-05 02:22:48\",\"usableColumn\":false},{\"capJavaField\":\"RecordTime\",\"columnComment\":\"对局结束时间\",\"columnId\":58,\"columnName\":\"record_time\",\"columnType\":\"timestamp\",\"createBy\":\"admin\",\"createTime\":\"2025-05-05 01:57:15\",\"dictType\":\"\",\"edit\":false,\"', '{\"msg\":\"操作成功\",\"code\":200}', 0, NULL, '2025-05-05 02:33:49', 22);
INSERT INTO `sys_oper_log` VALUES (241, '代码生成', 8, 'com.gamehive.generator.controller.GenController.batchGenCode()', 'GET', 1, 'admin', '研发部门', '/tool/gen/batchGenCode', '127.0.0.1', '内网IP', '{\"tables\":\"game_type,algorithm_type,player,product,record\"}', NULL, 0, NULL, '2025-05-05 02:33:54', 215);
INSERT INTO `sys_oper_log` VALUES (242, '代码生成', 2, 'com.gamehive.generator.controller.GenController.editSave()', 'PUT', 1, 'admin', '研发部门', '/tool/gen', '127.0.0.1', '内网IP', '{\"businessName\":\"GameType\",\"className\":\"GameType\",\"columns\":[{\"capJavaField\":\"GameId\",\"columnId\":32,\"columnName\":\"game_id\",\"columnType\":\"int\",\"createBy\":\"admin\",\"createTime\":\"2025-05-05 01:57:05\",\"dictType\":\"\",\"edit\":false,\"htmlType\":\"input\",\"increment\":true,\"insert\":false,\"isIncrement\":\"1\",\"isInsert\":\"0\",\"isPk\":\"1\",\"isRequired\":\"0\",\"javaField\":\"gameId\",\"javaType\":\"Long\",\"list\":false,\"params\":{},\"pk\":true,\"query\":false,\"queryType\":\"EQ\",\"required\":false,\"sort\":1,\"superColumn\":false,\"tableId\":6,\"updateBy\":\"\",\"updateTime\":\"2025-05-05 02:32:54\",\"usableColumn\":false},{\"capJavaField\":\"GameName\",\"columnId\":33,\"columnName\":\"game_name\",\"columnType\":\"varchar(200)\",\"createBy\":\"admin\",\"createTime\":\"2025-05-05 01:57:05\",\"dictType\":\"\",\"edit\":true,\"htmlType\":\"input\",\"increment\":false,\"insert\":true,\"isEdit\":\"1\",\"isIncrement\":\"0\",\"isInsert\":\"1\",\"isList\":\"1\",\"isPk\":\"0\",\"isQuery\":\"1\",\"isRequired\":\"1\",\"javaField\":\"gameName\",\"javaType\":\"String\",\"list\":true,\"params\":{},\"pk\":false,\"query\":true,\"queryType\":\"LIKE\",\"required\":true,\"sort\":2,\"superColumn\":false,\"tableId\":6,\"updateBy\":\"\",\"updateTime\":\"2025-05-05 02:32:54\",\"usableColumn\":false},{\"capJavaField\":\"GameIntroduction\",\"columnComment\":\"游戏规则简介\",\"columnId\":34,\"columnName\":\"game_introduction\",\"columnType\":\"varchar(500)\",\"createBy\":\"admin\",\"createTime\":\"2025-05-05 01:57:05\",\"dictType\":\"\",\"edit\":true,\"htmlType\":\"textarea\",\"increment\":false,\"insert\":true,\"isEdit\":\"1\",\"isIncrement\":\"0\",\"isInsert\":\"1\",\"isList\":\"1\",\"isPk\":\"0\",\"isQuery\":\"1\",\"isRequired\":\"0\",\"javaField\":\"gameIntroduction\",\"javaType\":\"String\",\"list\":true,\"params\":{},\"pk\":false,\"query\":true,\"queryType\":\"LIKE\",\"required\":false,\"sort\":3,\"superColumn\":false,\"tableId\":6,\"updateBy\":\"\",\"updateTime\":\"2025-05-05 02:32:54\",\"usableColumn\":false},{\"capJavaField\":\"GameRule\",\"columnComment\":\"游戏规则\",\"columnId\":35,\"columnName\":\"game_rule\",\"columnType\":\"varchar(5000)\",\"createBy\":\"admin\",\"createTime\":\"2025-05-05 01:57:05\",\"dictType\":\"\",\"edit\":true,\"htmlType\":\"textarea\",\"increment\":false,\"insert\":tru', '{\"msg\":\"操作成功\",\"code\":200}', 0, NULL, '2025-05-05 02:46:20', 26);
INSERT INTO `sys_oper_log` VALUES (243, '代码生成', 8, 'com.gamehive.generator.controller.GenController.batchGenCode()', 'GET', 1, 'admin', '研发部门', '/tool/gen/batchGenCode', '127.0.0.1', '内网IP', '{\"tables\":\"player,game_type\"}', NULL, 0, NULL, '2025-05-05 02:46:35', 52);
INSERT INTO `sys_oper_log` VALUES (244, '菜单管理', 3, 'com.gamehive.controller.web.system.SysMenuController.remove()', 'DELETE', 1, 'admin', '研发部门', '/system/menu/2085', '127.0.0.1', '内网IP', '2085', '{\"msg\":\"操作成功\",\"code\":200}', 0, NULL, '2025-05-05 03:02:59', 14);
INSERT INTO `sys_oper_log` VALUES (245, '菜单管理', 3, 'com.gamehive.controller.web.system.SysMenuController.remove()', 'DELETE', 1, 'admin', '研发部门', '/system/menu/2086', '127.0.0.1', '内网IP', '2086', '{\"msg\":\"操作成功\",\"code\":200}', 0, NULL, '2025-05-05 03:03:02', 7);
INSERT INTO `sys_oper_log` VALUES (246, '菜单管理', 3, 'com.gamehive.controller.web.system.SysMenuController.remove()', 'DELETE', 1, 'admin', '研发部门', '/system/menu/2087', '127.0.0.1', '内网IP', '2087', '{\"msg\":\"操作成功\",\"code\":200}', 0, NULL, '2025-05-05 03:03:05', 6);
INSERT INTO `sys_oper_log` VALUES (247, '菜单管理', 2, 'com.gamehive.controller.web.system.SysMenuController.edit()', 'PUT', 1, 'admin', '研发部门', '/system/menu', '127.0.0.1', '内网IP', '{\"children\":[],\"component\":\"\",\"createTime\":\"2025-05-05 02:48:15\",\"icon\":\"#\",\"isCache\":\"0\",\"isFrame\":\"1\",\"menuId\":2088,\"menuName\":\"排行导出\",\"menuType\":\"F\",\"orderNum\":5,\"params\":{},\"parentId\":2083,\"path\":\"#\",\"perms\":\"Player:Player:export\",\"routeName\":\"\",\"status\":\"0\",\"updateBy\":\"admin\",\"visible\":\"0\"}', '{\"msg\":\"操作成功\",\"code\":200}', 0, NULL, '2025-05-05 03:03:22', 15);
INSERT INTO `sys_oper_log` VALUES (248, '菜单管理', 2, 'com.gamehive.controller.web.system.SysMenuController.edit()', 'PUT', 1, 'admin', '研发部门', '/system/menu', '127.0.0.1', '内网IP', '{\"children\":[],\"component\":\"Player/Player/index\",\"createTime\":\"2025-05-05 02:48:15\",\"icon\":\"#\",\"isCache\":\"0\",\"isFrame\":\"1\",\"menuId\":2083,\"menuName\":\"天梯排行\",\"menuType\":\"C\",\"orderNum\":1,\"params\":{},\"parentId\":0,\"path\":\"Player\",\"perms\":\"Player:Player:list\",\"routeName\":\"\",\"status\":\"0\",\"updateBy\":\"admin\",\"visible\":\"0\"}', '{\"msg\":\"操作成功\",\"code\":200}', 0, NULL, '2025-05-05 03:03:36', 6);
INSERT INTO `sys_oper_log` VALUES (249, '菜单管理', 3, 'com.gamehive.controller.web.system.SysMenuController.remove()', 'DELETE', 1, 'admin', '研发部门', '/system/menu/2061', '127.0.0.1', '内网IP', '2061', '{\"msg\":\"操作成功\",\"code\":200}', 0, NULL, '2025-05-05 03:04:20', 7);
INSERT INTO `sys_oper_log` VALUES (250, '菜单管理', 3, 'com.gamehive.controller.web.system.SysMenuController.remove()', 'DELETE', 1, 'admin', '研发部门', '/system/menu/2062', '127.0.0.1', '内网IP', '2062', '{\"msg\":\"操作成功\",\"code\":200}', 0, NULL, '2025-05-05 03:04:24', 7);
INSERT INTO `sys_oper_log` VALUES (251, '菜单管理', 3, 'com.gamehive.controller.web.system.SysMenuController.remove()', 'DELETE', 1, 'admin', '研发部门', '/system/menu/2063', '127.0.0.1', '内网IP', '2063', '{\"msg\":\"操作成功\",\"code\":200}', 0, NULL, '2025-05-05 03:04:28', 9);
INSERT INTO `sys_oper_log` VALUES (252, 'Algorithm-Game具体产品', 1, 'com.gamehive.controller.ProductController.add()', 'POST', 1, 'admin', '研发部门', '/Product/Product', '127.0.0.1', '内网IP', '{\"algorithmTypeId\":1,\"algorithmTypeName\":\"极小值极大搜索\",\"gameTypeId\":4,\"gameTypeName\":\"井字棋\",\"id\":14,\"maximumLevel\":1,\"params\":{}}', '{\"msg\":\"操作成功\",\"code\":200}', 0, NULL, '2025-05-05 03:41:21', 88);
INSERT INTO `sys_oper_log` VALUES (253, 'Algorithm-Game具体产品', 1, 'com.gamehive.controller.ProductController.add()', 'POST', 1, 'admin', '研发部门', '/Product/Product', '127.0.0.1', '内网IP', '{\"algorithmTypeId\":1,\"algorithmTypeName\":\"极小值极大搜索\",\"gameTypeId\":4,\"gameTypeName\":\"井字棋\",\"id\":15,\"maximumLevel\":1,\"params\":{}}', '{\"msg\":\"操作成功\",\"code\":200}', 0, NULL, '2025-05-05 03:41:31', 7);
INSERT INTO `sys_oper_log` VALUES (254, 'Algorithm-Game具体产品', 1, 'com.gamehive.controller.ProductController.add()', 'POST', 1, 'admin', '研发部门', '/Product/Product', '127.0.0.1', '内网IP', '{\"algorithmTypeId\":1,\"algorithmTypeName\":\"极小值极大搜索\",\"gameTypeId\":1,\"gameTypeName\":\"五子棋\",\"id\":16,\"maximumLevel\":4,\"params\":{}}', '{\"msg\":\"操作成功\",\"code\":200}', 0, NULL, '2025-05-05 03:42:11', 7);
INSERT INTO `sys_oper_log` VALUES (255, 'Algorithm-Game具体产品', 1, 'com.gamehive.controller.ProductController.add()', 'POST', 1, 'admin', '研发部门', '/Product/Product', '127.0.0.1', '内网IP', '{\"algorithmTypeId\":1,\"algorithmTypeName\":\"极小值极大搜索\",\"gameTypeId\":2,\"gameTypeName\":\"8*8五子棋\",\"id\":17,\"maximumLevel\":4,\"params\":{}}', '{\"msg\":\"操作成功\",\"code\":200}', 0, NULL, '2025-05-05 03:42:21', 6);
INSERT INTO `sys_oper_log` VALUES (256, 'Algorithm-Game具体产品', 1, 'com.gamehive.controller.ProductController.add()', 'POST', 1, 'admin', '研发部门', '/Product/Product', '127.0.0.1', '内网IP', '{\"algorithmTypeId\":2,\"algorithmTypeName\":\"蒙特卡洛树搜索\",\"gameTypeId\":4,\"gameTypeName\":\"井字棋\",\"id\":18,\"maximumLevel\":2,\"params\":{}}', '{\"msg\":\"操作成功\",\"code\":200}', 0, NULL, '2025-05-05 03:42:38', 6);
INSERT INTO `sys_oper_log` VALUES (257, 'Algorithm-Game具体产品', 1, 'com.gamehive.controller.ProductController.add()', 'POST', 1, 'admin', '研发部门', '/Product/Product', '127.0.0.1', '内网IP', '{\"algorithmTypeId\":2,\"algorithmTypeName\":\"蒙特卡洛树搜索\",\"gameTypeId\":5,\"gameTypeName\":\"反井字棋\",\"id\":19,\"maximumLevel\":2,\"params\":{}}', '{\"msg\":\"操作成功\",\"code\":200}', 0, NULL, '2025-05-05 03:42:52', 7);
INSERT INTO `sys_oper_log` VALUES (258, 'Algorithm-Game具体产品', 1, 'com.gamehive.controller.ProductController.add()', 'POST', 1, 'admin', '研发部门', '/Product/Product', '127.0.0.1', '内网IP', '{\"algorithmTypeId\":2,\"algorithmTypeName\":\"蒙特卡洛树搜索\",\"gameTypeId\":3,\"gameTypeName\":\"不围棋\",\"id\":20,\"maximumLevel\":4,\"params\":{}}', '{\"msg\":\"操作成功\",\"code\":200}', 0, NULL, '2025-05-05 03:43:12', 8);
INSERT INTO `sys_oper_log` VALUES (259, 'Algorithm-Game具体产品', 1, 'com.gamehive.controller.ProductController.add()', 'POST', 1, 'admin', '研发部门', '/Product/Product', '127.0.0.1', '内网IP', '{\"algorithmTypeId\":4,\"algorithmTypeName\":\"深度强化学习\",\"gameTypeId\":2,\"gameTypeName\":\"8*8五子棋\",\"id\":21,\"maximumLevel\":3,\"params\":{}}', '{\"msg\":\"操作成功\",\"code\":200}', 0, NULL, '2025-05-05 03:43:28', 5);
INSERT INTO `sys_oper_log` VALUES (260, 'Algorithm-Game具体产品', 1, 'com.gamehive.controller.ProductController.add()', 'POST', 1, 'admin', '研发部门', '/Product/Product', '127.0.0.1', '内网IP', '{\"algorithmTypeId\":5,\"algorithmTypeName\":\"负极大值搜索\",\"gameTypeId\":4,\"gameTypeName\":\"井字棋\",\"id\":22,\"maximumLevel\":1,\"params\":{}}', '{\"msg\":\"操作成功\",\"code\":200}', 0, NULL, '2025-05-05 03:43:38', 6);
INSERT INTO `sys_oper_log` VALUES (261, 'Algorithm-Game具体产品', 1, 'com.gamehive.controller.ProductController.add()', 'POST', 1, 'admin', '研发部门', '/Product/Product', '127.0.0.1', '内网IP', '{\"algorithmTypeId\":5,\"algorithmTypeName\":\"负极大值搜索\",\"gameTypeId\":5,\"gameTypeName\":\"反井字棋\",\"id\":23,\"maximumLevel\":1,\"params\":{}}', '{\"msg\":\"操作成功\",\"code\":200}', 0, NULL, '2025-05-05 03:43:43', 7);
INSERT INTO `sys_oper_log` VALUES (262, 'Algorithm-Game具体产品', 5, 'com.gamehive.controller.ProductController.export()', 'POST', 1, 'admin', '研发部门', '/Product/Product/export', '127.0.0.1', '内网IP', '{\"pageSize\":\"10\",\"pageNum\":\"1\"}', NULL, 0, NULL, '2025-05-05 03:44:10', 470);
INSERT INTO `sys_oper_log` VALUES (263, '算法类型', 1, 'com.gamehive.controller.AlgorithmTypeController.add()', 'POST', 1, 'admin', '研发部门', '/Algorithm/Algorithm', '127.0.0.1', '内网IP', '{\"algorithmId\":6,\"algorithmName\":\"测试\",\"params\":{}}', '{\"msg\":\"操作成功\",\"code\":200}', 0, NULL, '2025-05-05 03:52:35', 9);
INSERT INTO `sys_oper_log` VALUES (264, '游戏类型', 5, 'com.gamehive.controller.GameTypeController.export()', 'POST', 1, 'admin', '研发部门', '/GameType/GameType/export', '127.0.0.1', '内网IP', '{\"pageSize\":\"10\",\"pageNum\":\"1\"}', NULL, 0, NULL, '2025-05-05 03:57:09', 30);
INSERT INTO `sys_oper_log` VALUES (265, '游戏类型', 5, 'com.gamehive.controller.GameTypeController.export()', 'POST', 1, 'admin', '研发部门', '/GameType/GameType/export', '127.0.0.1', '内网IP', '{\"pageSize\":\"10\",\"pageNum\":\"1\"}', NULL, 0, NULL, '2025-05-05 03:59:08', 37);
INSERT INTO `sys_oper_log` VALUES (266, '游戏类型', 1, 'com.gamehive.controller.GameTypeController.add()', 'POST', 1, 'admin', '研发部门', '/GameType/GameType', '127.0.0.1', '内网IP', '{\"boardSize\":1,\"gameId\":6,\"gameIntroduction\":\"aaa\",\"gameName\":\"测试\",\"gameRule\":\"111\",\"isCellCenter\":true,\"minValidPieces\":1,\"params\":{}}', '{\"msg\":\"操作成功\",\"code\":200}', 0, NULL, '2025-05-05 04:00:52', 9);
INSERT INTO `sys_oper_log` VALUES (267, 'Algorithm-Game具体产品', 1, 'com.gamehive.controller.ProductController.add()', 'POST', 1, 'admin', '研发部门', '/Product/Product', '127.0.0.1', '内网IP', '{\"algorithmTypeId\":6,\"algorithmTypeName\":\"测试\",\"gameTypeId\":6,\"gameTypeName\":\"测试\",\"id\":24,\"maximumLevel\":5,\"params\":{}}', '{\"msg\":\"操作成功\",\"code\":200}', 0, NULL, '2025-05-05 04:09:52', 6);
INSERT INTO `sys_oper_log` VALUES (268, 'Algorithm-Game具体产品', 1, 'com.gamehive.controller.ProductController.add()', 'POST', 1, 'admin', '研发部门', '/Product/Product', '127.0.0.1', '内网IP', '{\"algorithmTypeId\":4,\"algorithmTypeName\":\"深度强化学习\",\"gameTypeId\":3,\"gameTypeName\":\"不围棋\",\"id\":25,\"maximumLevel\":1,\"params\":{}}', '{\"msg\":\"操作成功\",\"code\":200}', 0, NULL, '2025-05-05 04:20:18', 4);
INSERT INTO `sys_oper_log` VALUES (269, 'Algorithm-Game具体产品', 3, 'com.gamehive.controller.ProductController.remove()', 'DELETE', 1, 'admin', '研发部门', '/Product/Product/25,24', '127.0.0.1', '内网IP', '[25,24]', '{\"msg\":\"操作成功\",\"code\":200}', 0, NULL, '2025-05-05 04:30:24', 10);
INSERT INTO `sys_oper_log` VALUES (270, '菜单管理', 3, 'com.gamehive.controller.web.system.SysMenuController.remove()', 'DELETE', 1, 'admin', '研发部门', '/system/menu/4', '127.0.0.1', '内网IP', '4', '{\"msg\":\"菜单已分配,不允许删除\",\"code\":601}', 0, NULL, '2025-05-05 04:42:05', 5);
INSERT INTO `sys_oper_log` VALUES (271, '菜单管理', 3, 'com.gamehive.controller.web.system.SysMenuController.remove()', 'DELETE', 1, 'admin', '研发部门', '/system/menu/2060', '127.0.0.1', '内网IP', '2060', '{\"msg\":\"操作成功\",\"code\":200}', 0, NULL, '2025-05-05 04:42:21', 7);
INSERT INTO `sys_oper_log` VALUES (272, '菜单管理', 3, 'com.gamehive.controller.web.system.SysMenuController.remove()', 'DELETE', 1, 'admin', '研发部门', '/system/menu/2064', '127.0.0.1', '内网IP', '2064', '{\"msg\":\"操作成功\",\"code\":200}', 0, NULL, '2025-05-05 04:42:24', 9);
INSERT INTO `sys_oper_log` VALUES (273, '菜单管理', 3, 'com.gamehive.controller.web.system.SysMenuController.remove()', 'DELETE', 1, 'admin', '研发部门', '/system/menu/2059', '127.0.0.1', '内网IP', '2059', '{\"msg\":\"操作成功\",\"code\":200}', 0, NULL, '2025-05-05 04:42:29', 5);
INSERT INTO `sys_oper_log` VALUES (274, '菜单管理', 2, 'com.gamehive.controller.web.system.SysMenuController.edit()', 'PUT', 1, 'admin', '研发部门', '/system/menu', '127.0.0.1', '内网IP', '{\"children\":[],\"component\":\"Player/Player/index\",\"createTime\":\"2025-05-05 02:48:15\",\"icon\":\"chart\",\"isCache\":\"0\",\"isFrame\":\"1\",\"menuId\":2083,\"menuName\":\"天梯排行\",\"menuType\":\"C\",\"orderNum\":1,\"params\":{},\"parentId\":0,\"path\":\"Player\",\"perms\":\"Player:Player:list\",\"routeName\":\"\",\"status\":\"0\",\"updateBy\":\"admin\",\"visible\":\"0\"}', '{\"msg\":\"操作成功\",\"code\":200}', 0, NULL, '2025-05-05 04:42:42', 14);
INSERT INTO `sys_oper_log` VALUES (275, '算法类型', 3, 'com.gamehive.controller.AlgorithmTypeController.remove()', 'DELETE', 1, 'admin', '研发部门', '/Algorithm/Algorithm/6', '127.0.0.1', '内网IP', '[6]', '{\"msg\":\"操作成功\",\"code\":200}', 0, NULL, '2025-05-05 04:56:53', 9);
INSERT INTO `sys_oper_log` VALUES (276, '游戏类型', 3, 'com.gamehive.controller.GameTypeController.remove()', 'DELETE', 1, 'admin', '研发部门', '/GameType/GameType/6', '127.0.0.1', '内网IP', '[6]', '{\"msg\":\"操作成功\",\"code\":200}', 0, NULL, '2025-05-05 04:56:57', 5);
INSERT INTO `sys_oper_log` VALUES (277, '角色管理', 2, 'com.gamehive.controller.web.system.SysRoleController.edit()', 'PUT', 1, 'admin', '研发部门', '/system/role', '127.0.0.1', '内网IP', '{\"admin\":false,\"createTime\":\"2025-02-01 15:48:19\",\"dataScope\":\"2\",\"delFlag\":\"0\",\"deptCheckStrictly\":true,\"flag\":false,\"menuCheckStrictly\":true,\"menuIds\":[2034,2065,2077,2089,2083,2084,2088,2033,2066,2070,2078,2082,2090,2094],\"params\":{},\"remark\":\"普通角色\",\"roleId\":2,\"roleKey\":\"common\",\"roleName\":\"玩家\",\"roleSort\":2,\"status\":\"0\",\"updateBy\":\"admin\"}', '{\"msg\":\"操作成功\",\"code\":200}', 0, NULL, '2025-05-05 11:56:09', 62);
INSERT INTO `sys_oper_log` VALUES (278, '字典数据', 1, 'com.gamehive.controller.web.system.SysDictDataController.add()', 'POST', 1, 'admin', '研发部门', '/system/dict/data', '127.0.0.1', '内网IP', '{\"createBy\":\"admin\",\"default\":false,\"dictLabel\":\"终止\",\"dictSort\":4,\"dictType\":\"win_status\",\"dictValue\":\"3\",\"listClass\":\"default\",\"params\":{},\"status\":\"0\"}', '{\"msg\":\"操作成功\",\"code\":200}', 0, NULL, '2025-05-05 14:54:14', 17);
INSERT INTO `sys_oper_log` VALUES (279, '对局记录', 5, 'com.gamehive.controller.RecordController.export()', 'POST', 1, 'bb', '测试部门', '/Record/Record/export', '127.0.0.1', '内网IP', '{\"params\":{\"currentUserId\":103,\"userId\":103}}', NULL, 0, NULL, '2025-05-05 15:31:50', 2428);
INSERT INTO `sys_oper_log` VALUES (280, '对局记录', 5, 'com.gamehive.controller.RecordController.export()', 'POST', 1, 'bb', '测试部门', '/Record/Record/export', '127.0.0.1', '内网IP', '{\"params\":{\"currentUserId\":103,\"userId\":103}}', NULL, 0, NULL, '2025-05-05 15:32:16', 32);
INSERT INTO `sys_oper_log` VALUES (281, '对局记录', 5, 'com.gamehive.controller.RecordController.export()', 'POST', 1, 'bb', '测试部门', '/Record/Record/export', '127.0.0.1', '内网IP', '{\"params\":{\"currentUserId\":103,\"userId\":103}}', NULL, 0, NULL, '2025-05-05 15:34:07', 57);
INSERT INTO `sys_oper_log` VALUES (282, '对局记录', 5, 'com.gamehive.controller.RecordController.export()', 'POST', 1, 'bb', '测试部门', '/Record/Record/export', '127.0.0.1', '内网IP', '{\"params\":{\"currentUserId\":103,\"userId\":103}}', NULL, 0, NULL, '2025-05-05 15:34:59', 33);
INSERT INTO `sys_oper_log` VALUES (283, '对局记录', 5, 'com.gamehive.controller.RecordController.export()', 'POST', 1, 'admin', '研发部门', '/Record/Record/export', '127.0.0.1', '内网IP', '{\"params\":{\"userId\":1}}', NULL, 0, NULL, '2025-05-05 15:37:44', 716);
INSERT INTO `sys_oper_log` VALUES (284, '用户管理', 3, 'com.gamehive.controller.web.system.SysUserController.remove()', 'DELETE', 1, 'admin', '研发部门', '/system/user/2', '127.0.0.1', '内网IP', '[2]', '{\"msg\":\"操作成功\",\"code\":200}', 0, NULL, '2025-05-06 22:34:49', 28);
INSERT INTO `sys_oper_log` VALUES (285, '菜单管理', 2, 'com.gamehive.controller.web.system.SysMenuController.edit()', 'PUT', 1, 'admin', '研发部门', '/system/menu', '127.0.0.1', '内网IP', '{\"children\":[],\"createTime\":\"2025-02-01 15:48:19\",\"icon\":\"tool\",\"isCache\":\"0\",\"isFrame\":\"1\",\"menuId\":3,\"menuName\":\"系统工具\",\"menuType\":\"M\",\"orderNum\":5,\"params\":{},\"parentId\":0,\"path\":\"tool\",\"perms\":\"\",\"query\":\"\",\"routeName\":\"\",\"status\":\"1\",\"updateBy\":\"admin\",\"visible\":\"0\"}', '{\"msg\":\"操作成功\",\"code\":200}', 0, NULL, '2025-05-27 22:28:37', 49);
INSERT INTO `sys_oper_log` VALUES (286, '菜单管理', 2, 'com.gamehive.controller.web.system.SysMenuController.edit()', 'PUT', 1, 'admin', '研发部门', '/system/menu', '127.0.0.1', '内网IP', '{\"children\":[],\"component\":\"introduction/index\",\"createTime\":\"2025-05-05 02:12:23\",\"icon\":\"people\",\"isCache\":\"0\",\"isFrame\":\"1\",\"menuId\":2033,\"menuName\":\"AI介绍\",\"menuType\":\"C\",\"orderNum\":2,\"params\":{},\"parentId\":0,\"path\":\"/introduction\",\"perms\":\"\",\"routeName\":\"\",\"status\":\"1\",\"updateBy\":\"admin\",\"visible\":\"0\"}', '{\"msg\":\"操作成功\",\"code\":200}', 0, NULL, '2025-05-27 22:39:01', 17);
INSERT INTO `sys_oper_log` VALUES (287, '菜单管理', 2, 'com.gamehive.controller.web.system.SysMenuController.edit()', 'PUT', 1, 'admin', '研发部门', '/system/menu', '127.0.0.1', '内网IP', '{\"children\":[],\"component\":\"system/notice/index\",\"createTime\":\"2025-02-01 15:48:19\",\"icon\":\"message\",\"isCache\":\"0\",\"isFrame\":\"1\",\"menuId\":107,\"menuName\":\"通知公告\",\"menuType\":\"C\",\"orderNum\":8,\"params\":{},\"parentId\":1,\"path\":\"notice\",\"perms\":\"system:notice:list\",\"query\":\"\",\"routeName\":\"\",\"status\":\"1\",\"updateBy\":\"admin\",\"visible\":\"0\"}', '{\"msg\":\"操作成功\",\"code\":200}', 0, NULL, '2025-05-27 22:39:49', 11);
INSERT INTO `sys_oper_log` VALUES (288, '菜单管理', 2, 'com.gamehive.controller.web.system.SysMenuController.edit()', 'PUT', 1, 'admin', '研发部门', '/system/menu', '127.0.0.1', '内网IP', '{\"children\":[],\"component\":\"monitor/job/index\",\"createTime\":\"2025-02-01 15:48:19\",\"icon\":\"job\",\"isCache\":\"0\",\"isFrame\":\"1\",\"menuId\":110,\"menuName\":\"定时任务\",\"menuType\":\"C\",\"orderNum\":2,\"params\":{},\"parentId\":2,\"path\":\"job\",\"perms\":\"monitor:job:list\",\"query\":\"\",\"routeName\":\"\",\"status\":\"1\",\"updateBy\":\"admin\",\"visible\":\"0\"}', '{\"msg\":\"操作成功\",\"code\":200}', 0, NULL, '2025-05-27 22:40:27', 7);
INSERT INTO `sys_oper_log` VALUES (289, '菜单管理', 2, 'com.gamehive.controller.web.system.SysMenuController.edit()', 'PUT', 1, 'admin', '研发部门', '/system/menu', '127.0.0.1', '内网IP', '{\"children\":[],\"component\":\"monitor/job/index\",\"createTime\":\"2025-02-01 15:48:19\",\"icon\":\"job\",\"isCache\":\"0\",\"isFrame\":\"1\",\"menuId\":110,\"menuName\":\"定时任务\",\"menuType\":\"C\",\"orderNum\":2,\"params\":{},\"parentId\":2,\"path\":\"job\",\"perms\":\"monitor:job:list\",\"query\":\"\",\"routeName\":\"\",\"status\":\"0\",\"updateBy\":\"admin\",\"visible\":\"0\"}', '{\"msg\":\"操作成功\",\"code\":200}', 0, NULL, '2025-05-27 22:40:37', 8);
INSERT INTO `sys_oper_log` VALUES (290, '菜单管理', 2, 'com.gamehive.controller.web.system.SysMenuController.edit()', 'PUT', 1, 'admin', '研发部门', '/system/menu', '127.0.0.1', '内网IP', '{\"children\":[],\"component\":\"monitor/job/index\",\"createTime\":\"2025-02-01 15:48:19\",\"icon\":\"job\",\"isCache\":\"0\",\"isFrame\":\"1\",\"menuId\":110,\"menuName\":\"定时任务\",\"menuType\":\"C\",\"orderNum\":2,\"params\":{},\"parentId\":2,\"path\":\"job\",\"perms\":\"monitor:job:list\",\"query\":\"\",\"routeName\":\"\",\"status\":\"1\",\"updateBy\":\"admin\",\"visible\":\"0\"}', '{\"msg\":\"操作成功\",\"code\":200}', 0, NULL, '2025-05-27 22:41:06', 7);
INSERT INTO `sys_oper_log` VALUES (291, '菜单管理', 2, 'com.gamehive.controller.web.system.SysMenuController.edit()', 'PUT', 1, 'admin', '研发部门', '/system/menu', '127.0.0.1', '内网IP', '{\"children\":[],\"component\":\"monitor/druid/index\",\"createTime\":\"2025-02-01 15:48:19\",\"icon\":\"druid\",\"isCache\":\"0\",\"isFrame\":\"1\",\"menuId\":111,\"menuName\":\"数据监控\",\"menuType\":\"C\",\"orderNum\":3,\"params\":{},\"parentId\":2,\"path\":\"druid\",\"perms\":\"monitor:druid:list\",\"query\":\"\",\"routeName\":\"\",\"status\":\"1\",\"updateBy\":\"admin\",\"visible\":\"0\"}', '{\"msg\":\"操作成功\",\"code\":200}', 0, NULL, '2025-05-27 22:41:11', 5);
INSERT INTO `sys_oper_log` VALUES (292, '菜单管理', 2, 'com.gamehive.controller.web.system.SysMenuController.edit()', 'PUT', 1, 'admin', '研发部门', '/system/menu', '127.0.0.1', '内网IP', '{\"children\":[],\"component\":\"monitor/server/index\",\"createTime\":\"2025-02-01 15:48:19\",\"icon\":\"server\",\"isCache\":\"0\",\"isFrame\":\"1\",\"menuId\":112,\"menuName\":\"服务监控\",\"menuType\":\"C\",\"orderNum\":4,\"params\":{},\"parentId\":2,\"path\":\"server\",\"perms\":\"monitor:server:list\",\"query\":\"\",\"routeName\":\"\",\"status\":\"1\",\"updateBy\":\"admin\",\"visible\":\"0\"}', '{\"msg\":\"操作成功\",\"code\":200}', 0, NULL, '2025-05-27 22:41:15', 5);

-- ----------------------------
-- Table structure for sys_post
-- ----------------------------
DROP TABLE IF EXISTS `sys_post`;
CREATE TABLE `sys_post`  (
  `post_id` bigint NOT NULL AUTO_INCREMENT COMMENT '岗位ID',
  `post_code` varchar(64) CHARACTER SET utf8mb4 COLLATE utf8mb4_0900_ai_ci NOT NULL COMMENT '岗位编码',
  `post_name` varchar(50) CHARACTER SET utf8mb4 COLLATE utf8mb4_0900_ai_ci NOT NULL COMMENT '岗位名称',
  `post_sort` int NOT NULL COMMENT '显示顺序',
  `status` char(1) CHARACTER SET utf8mb4 COLLATE utf8mb4_0900_ai_ci NOT NULL COMMENT '状态（0正常 1停用）',
  `create_by` varchar(64) CHARACTER SET utf8mb4 COLLATE utf8mb4_0900_ai_ci NULL DEFAULT '' COMMENT '创建者',
  `create_time` datetime NULL DEFAULT NULL COMMENT '创建时间',
  `update_by` varchar(64) CHARACTER SET utf8mb4 COLLATE utf8mb4_0900_ai_ci NULL DEFAULT '' COMMENT '更新者',
  `update_time` datetime NULL DEFAULT NULL COMMENT '更新时间',
  `remark` varchar(500) CHARACTER SET utf8mb4 COLLATE utf8mb4_0900_ai_ci NULL DEFAULT NULL COMMENT '备注',
  PRIMARY KEY (`post_id`) USING BTREE
) ENGINE = InnoDB AUTO_INCREMENT = 4 CHARACTER SET = utf8mb4 COLLATE = utf8mb4_0900_ai_ci COMMENT = '岗位信息表' ROW_FORMAT = DYNAMIC;

-- ----------------------------
-- Records of sys_post
-- ----------------------------
INSERT INTO `sys_post` VALUES (1, 'ceo', '董事长', 1, '0', 'admin', '2025-02-01 15:48:19', '', NULL, '');
INSERT INTO `sys_post` VALUES (2, 'se', '项目经理', 2, '0', 'admin', '2025-02-01 15:48:19', '', NULL, '');
INSERT INTO `sys_post` VALUES (3, 'hr', '人力资源', 3, '0', 'admin', '2025-02-01 15:48:19', '', NULL, '');
INSERT INTO `sys_post` VALUES (4, 'user', '普通员工', 4, '0', 'admin', '2025-02-01 15:48:19', '', NULL, '');

-- ----------------------------
-- Table structure for sys_role
-- ----------------------------
DROP TABLE IF EXISTS `sys_role`;
CREATE TABLE `sys_role`  (
  `role_id` bigint NOT NULL AUTO_INCREMENT COMMENT '角色ID',
  `role_name` varchar(30) CHARACTER SET utf8mb4 COLLATE utf8mb4_0900_ai_ci NOT NULL COMMENT '角色名称',
  `role_key` varchar(100) CHARACTER SET utf8mb4 COLLATE utf8mb4_0900_ai_ci NOT NULL COMMENT '角色权限字符串',
  `role_sort` int NOT NULL COMMENT '显示顺序',
  `data_scope` char(1) CHARACTER SET utf8mb4 COLLATE utf8mb4_0900_ai_ci NULL DEFAULT '1' COMMENT '数据范围（1：全部数据权限 2：自定数据权限 3：本部门数据权限 4：本部门及以下数据权限）',
  `menu_check_strictly` tinyint(1) NULL DEFAULT 1 COMMENT '菜单树选择项是否关联显示',
  `dept_check_strictly` tinyint(1) NULL DEFAULT 1 COMMENT '部门树选择项是否关联显示',
  `status` char(1) CHARACTER SET utf8mb4 COLLATE utf8mb4_0900_ai_ci NOT NULL COMMENT '角色状态（0正常 1停用）',
  `del_flag` char(1) CHARACTER SET utf8mb4 COLLATE utf8mb4_0900_ai_ci NULL DEFAULT '0' COMMENT '删除标志（0代表存在 2代表删除）',
  `create_by` varchar(64) CHARACTER SET utf8mb4 COLLATE utf8mb4_0900_ai_ci NULL DEFAULT '' COMMENT '创建者',
  `create_time` datetime NULL DEFAULT NULL COMMENT '创建时间',
  `update_by` varchar(64) CHARACTER SET utf8mb4 COLLATE utf8mb4_0900_ai_ci NULL DEFAULT '' COMMENT '更新者',
  `update_time` datetime NULL DEFAULT NULL COMMENT '更新时间',
  `remark` varchar(500) CHARACTER SET utf8mb4 COLLATE utf8mb4_0900_ai_ci NULL DEFAULT NULL COMMENT '备注',
  PRIMARY KEY (`role_id`) USING BTREE
) ENGINE = InnoDB AUTO_INCREMENT = 3 CHARACTER SET = utf8mb4 COLLATE = utf8mb4_0900_ai_ci COMMENT = '角色信息表' ROW_FORMAT = DYNAMIC;

-- ----------------------------
-- Records of sys_role
-- ----------------------------
INSERT INTO `sys_role` VALUES (1, '超级管理员', 'admin', 1, '1', 1, 1, '0', '0', 'admin', '2025-02-01 15:48:19', '', NULL, '超级管理员');
INSERT INTO `sys_role` VALUES (2, '玩家', 'common', 2, '2', 1, 1, '0', '0', 'admin', '2025-02-01 15:48:19', 'admin', '2025-05-05 11:56:08', '普通角色');

-- ----------------------------
-- Table structure for sys_role_dept
-- ----------------------------
DROP TABLE IF EXISTS `sys_role_dept`;
CREATE TABLE `sys_role_dept`  (
  `role_id` bigint NOT NULL COMMENT '角色ID',
  `dept_id` bigint NOT NULL COMMENT '部门ID',
  PRIMARY KEY (`role_id`, `dept_id`) USING BTREE
) ENGINE = InnoDB CHARACTER SET = utf8mb4 COLLATE = utf8mb4_0900_ai_ci COMMENT = '角色和部门关联表' ROW_FORMAT = DYNAMIC;

-- ----------------------------
-- Records of sys_role_dept
-- ----------------------------
INSERT INTO `sys_role_dept` VALUES (2, 100);
INSERT INTO `sys_role_dept` VALUES (2, 101);
INSERT INTO `sys_role_dept` VALUES (2, 105);

-- ----------------------------
-- Table structure for sys_role_menu
-- ----------------------------
DROP TABLE IF EXISTS `sys_role_menu`;
CREATE TABLE `sys_role_menu`  (
  `role_id` bigint NOT NULL COMMENT '角色ID',
  `menu_id` bigint NOT NULL COMMENT '菜单ID',
  PRIMARY KEY (`role_id`, `menu_id`) USING BTREE
) ENGINE = InnoDB CHARACTER SET = utf8mb4 COLLATE = utf8mb4_0900_ai_ci COMMENT = '角色和菜单关联表' ROW_FORMAT = DYNAMIC;

-- ----------------------------
-- Records of sys_role_menu
-- ----------------------------
INSERT INTO `sys_role_menu` VALUES (2, 2033);
INSERT INTO `sys_role_menu` VALUES (2, 2034);
INSERT INTO `sys_role_menu` VALUES (2, 2065);
INSERT INTO `sys_role_menu` VALUES (2, 2066);
INSERT INTO `sys_role_menu` VALUES (2, 2070);
INSERT INTO `sys_role_menu` VALUES (2, 2077);
INSERT INTO `sys_role_menu` VALUES (2, 2078);
INSERT INTO `sys_role_menu` VALUES (2, 2082);
INSERT INTO `sys_role_menu` VALUES (2, 2083);
INSERT INTO `sys_role_menu` VALUES (2, 2084);
INSERT INTO `sys_role_menu` VALUES (2, 2088);
INSERT INTO `sys_role_menu` VALUES (2, 2089);
INSERT INTO `sys_role_menu` VALUES (2, 2090);
INSERT INTO `sys_role_menu` VALUES (2, 2094);

-- ----------------------------
-- Table structure for sys_user
-- ----------------------------
DROP TABLE IF EXISTS `sys_user`;
CREATE TABLE `sys_user`  (
  `user_id` bigint NOT NULL AUTO_INCREMENT COMMENT '用户ID',
  `dept_id` bigint NULL DEFAULT 105 COMMENT '部门ID',
  `user_name` varchar(30) CHARACTER SET utf8mb4 COLLATE utf8mb4_0900_ai_ci NOT NULL COMMENT '用户账号',
  `nick_name` varchar(30) CHARACTER SET utf8mb4 COLLATE utf8mb4_0900_ai_ci NOT NULL COMMENT '用户昵称',
  `user_type` varchar(2) CHARACTER SET utf8mb4 COLLATE utf8mb4_0900_ai_ci NULL DEFAULT '00' COMMENT '用户类型（00系统用户）',
  `email` varchar(50) CHARACTER SET utf8mb4 COLLATE utf8mb4_0900_ai_ci NULL DEFAULT '' COMMENT '用户邮箱',
  `phonenumber` varchar(11) CHARACTER SET utf8mb4 COLLATE utf8mb4_0900_ai_ci NULL DEFAULT '' COMMENT '手机号码',
  `sex` char(1) CHARACTER SET utf8mb4 COLLATE utf8mb4_0900_ai_ci NULL DEFAULT '0' COMMENT '用户性别（0男 1女 2未知）',
  `avatar` varchar(100) CHARACTER SET utf8mb4 COLLATE utf8mb4_0900_ai_ci NULL DEFAULT '' COMMENT '头像地址',
  `password` varchar(100) CHARACTER SET utf8mb4 COLLATE utf8mb4_0900_ai_ci NULL DEFAULT '' COMMENT '密码',
  `status` char(1) CHARACTER SET utf8mb4 COLLATE utf8mb4_0900_ai_ci NULL DEFAULT '0' COMMENT '帐号状态（0正常 1停用）',
  `del_flag` char(1) CHARACTER SET utf8mb4 COLLATE utf8mb4_0900_ai_ci NULL DEFAULT '0' COMMENT '删除标志（0代表存在 2代表删除）',
  `login_ip` varchar(128) CHARACTER SET utf8mb4 COLLATE utf8mb4_0900_ai_ci NULL DEFAULT '' COMMENT '最后登录IP',
  `login_date` datetime NULL DEFAULT NULL COMMENT '最后登录时间',
  `create_by` varchar(64) CHARACTER SET utf8mb4 COLLATE utf8mb4_0900_ai_ci NULL DEFAULT '' COMMENT '创建者',
  `create_time` datetime NULL DEFAULT NULL COMMENT '创建时间',
  `update_by` varchar(64) CHARACTER SET utf8mb4 COLLATE utf8mb4_0900_ai_ci NULL DEFAULT '' COMMENT '更新者',
  `update_time` datetime NULL DEFAULT NULL COMMENT '更新时间',
  `remark` varchar(500) CHARACTER SET utf8mb4 COLLATE utf8mb4_0900_ai_ci NULL DEFAULT NULL COMMENT '备注',
  PRIMARY KEY (`user_id`) USING BTREE
) ENGINE = InnoDB AUTO_INCREMENT = 104 CHARACTER SET = utf8mb4 COLLATE = utf8mb4_0900_ai_ci COMMENT = '用户信息表' ROW_FORMAT = DYNAMIC;

-- ----------------------------
-- Records of sys_user
-- ----------------------------
INSERT INTO `sys_user` VALUES (1, 103, 'admin', '若依', '00', 'ry@163.com', '15888888888', '1', '', '$2a$10$7JB720yubVSZvUI0rEqK/.VqGOZTH.ulu33dHOiBE8ByOhJIrdAu2', '0', '0', '127.0.0.1', '2025-05-27 20:54:05', 'admin', '2025-02-01 15:48:19', '', '2025-05-27 20:54:05', '管理员');
INSERT INTO `sys_user` VALUES (2, 105, 'ry', '若依', '00', 'ry@qq.com', '15666666666', '1', '', '$2a$10$7JB720yubVSZvUI0rEqK/.VqGOZTH.ulu33dHOiBE8ByOhJIrdAu2', '0', '2', '127.0.0.1', '2025-02-01 15:48:19', 'admin', '2025-02-01 15:48:19', 'admin', '2025-02-13 18:46:57', '测试员');
INSERT INTO `sys_user` VALUES (100, 105, 'aaa', '测试', '00', '', '', '0', '', '$2a$10$U/XJEQO8J/KBEC3sDarp3.pSX0AXYmY9sE/aLRY1.uFY/VyMmgZNG', '0', '0', '', NULL, 'admin', '2025-02-13 18:48:33', '', NULL, NULL);
INSERT INTO `sys_user` VALUES (101, 105, '测试玩家', '测试玩家', '00', '', '', '0', '', '$2a$10$RkDLePnHFf.5oOl3KJ0LwOB85utQ2lWpSXlHkkQfJIHwX1y41Ify6', '0', '0', '127.0.0.1', '2025-05-05 11:47:15', '', '2025-05-05 11:46:48', '', '2025-05-05 11:47:15', NULL);
INSERT INTO `sys_user` VALUES (102, 105, 'aaaa', 'aaaa', '00', '', '', '0', '', '$2a$10$w2008dlVJtxddYCQ4xeulOCbYSe2yC53GPe5tl0kErTy9dRxw0tuG', '0', '0', '127.0.0.1', '2025-05-05 11:58:16', '', '2025-05-05 11:53:57', '', '2025-05-05 11:58:15', NULL);
INSERT INTO `sys_user` VALUES (103, 105, 'bb', 'bb', '00', '', '', '0', '', '$2a$10$dnEn1DIOFuSQgHBJunWB..WUmSsnnaHn9zmTAEk.O067AEPzmK5Ai', '0', '0', '127.0.0.1', '2025-05-27 22:19:34', '', '2025-05-05 12:03:37', '', '2025-05-27 22:19:33', NULL);

-- ----------------------------
-- Table structure for sys_user_post
-- ----------------------------
DROP TABLE IF EXISTS `sys_user_post`;
CREATE TABLE `sys_user_post`  (
  `user_id` bigint NOT NULL COMMENT '用户ID',
  `post_id` bigint NOT NULL COMMENT '岗位ID',
  PRIMARY KEY (`user_id`, `post_id`) USING BTREE
) ENGINE = InnoDB CHARACTER SET = utf8mb4 COLLATE = utf8mb4_0900_ai_ci COMMENT = '用户与岗位关联表' ROW_FORMAT = DYNAMIC;

-- ----------------------------
-- Records of sys_user_post
-- ----------------------------
INSERT INTO `sys_user_post` VALUES (1, 1);

-- ----------------------------
-- Table structure for sys_user_role
-- ----------------------------
DROP TABLE IF EXISTS `sys_user_role`;
CREATE TABLE `sys_user_role`  (
  `user_id` bigint NOT NULL COMMENT '用户ID',
  `role_id` bigint NOT NULL COMMENT '角色ID',
  PRIMARY KEY (`user_id`, `role_id`) USING BTREE
) ENGINE = InnoDB CHARACTER SET = utf8mb4 COLLATE = utf8mb4_0900_ai_ci COMMENT = '用户和角色关联表' ROW_FORMAT = DYNAMIC;

-- ----------------------------
-- Records of sys_user_role
-- ----------------------------
INSERT INTO `sys_user_role` VALUES (1, 1);
INSERT INTO `sys_user_role` VALUES (100, 2);
INSERT INTO `sys_user_role` VALUES (101, 2);
INSERT INTO `sys_user_role` VALUES (102, 2);
INSERT INTO `sys_user_role` VALUES (103, 2);

SET FOREIGN_KEY_CHECKS = 1;
